hanzi,pinyin
⺮,zhu2
㐆,yin3
㐌,ta1
俊,jun4
㒸,sui4
罔,wang3
寇,kou4
㔾,jie2
却,que4
厨,chu2
参,can1
以,yi3
坳,ao4
宿,su4
冥,ming2
最,zui4
㝵,ai4
㝵,de2
岸,an4
岛,dao3
以,yi3
帆,fan1
帽,mao4
廉,lian2
迥,jiong3
恩,en1
惬,qie4
㥯,yin3
拿,na2
捷,jie2
晃,huang3
据,ju4
携,xie2
携,xie2
散,san4
敦,dun1
暖,nuan3
㬎,xian3
橹,lu3
饮,yin3
㲋,chuo4
涎,xian2
法,fa3
深,shen1
涧,jian4
烨,ye4
碗,wan3
留,liu2
瘪,bie3
筲,shao1
糊,hu2
䍃,yao2
䕭,qian2
䕭,xian2
蜂,feng1
恤,xu4
脉,mai4
卒,zu2
词,ci2
獾,huan1
䠀,chang3
趟,tang1
射,she4
镰,lian2
飒,sa4
驮,tuo2
魂,hun2
鲃,ba1
鹅,e2
鹮,huan2
麸,fu1
衄,nv4
一,yi1
丁,ding1
丁,ding1
丂,kao3
七,qi1
丄,shang4
万,mo4
丈,zhang4
三,san1
三,san1
上,shang3
上,shang4
下,xia4
丌,ji1
丌,ji1
丌,qi2
不,bu4
丏,mian3
丐,gai4
丑,chou3
丑,chou3
且,qie3
丕,pi1
世,shi4
世,shi4
丘,qiu1
丘,qiu1
丙,bing3
丞,cheng2
丢,diu1
并,bing4
丨,gun3
丨,shu4
丩,jiu1
丫,ya1
中,zhong1
中,zhong1
中,zhong4
丰,feng1
丱,guan4
丱,kuang4
串,chuan4
丵,zhuo2
丶,zhu3
丷,ba1
丸,wan2
丹,dan1
主,zhu3
丿,pie3
乂,yi4
乃,nai3
久,jiu3
乇,tuo1
乇,zhe2
幺,yao1
幺,yao1
之,zhi1
乍,zha4
乎,hu1
乏,fa2
乑,zhong4
乒,ping1
乓,pang1
乖,guai1
乘,cheng2
乘,cheng2
乘,sheng4
乙,yi3
乙,zhe2
乚,ya4
乛,zhe2
乜,nie4
乜,mie1
九,jiu3
乞,qi3
也,ye3
也,ye3
乩,ji1
乳,ru3
乶,fu3
乾,qian2
干,gan1
乾,qian2
乾,qian2
干,gan1
干,gan1
乿,luan4
乿,zhi4
乾,qian2
干,gan1
乱,luan4
亅,jue2
了,le
了,liao3
予,yu2
予,yu3
事,shi4
二,er4
亍,chu4
于,yu2
于,yu2
云,yun2
互,hu4
亓,qi2
亓,qi2
五,wu3
井,jing3
井,jing3
亘,gen4
些,xie1
斋,zhai1
亚,ya4
亚,ya4
亟,ji2
亟,qi4
亠,tou2
亡,wang2
亢,kang4
亢,kang4
交,jiao1
亥,hai4
亦,yi4
亨,heng1
享,xiang3
京,jing1
京,jing1
亭,ting2
亮,liang4
享,xiang3
夜,ye4
亳,bo2
亶,dan3
亶,dan3
廉,lian2
亹,men2
亹,wei3
人,ren2
亻,ren2
亼,ji2
亡,wang2
什,shen2
什,shi2
仁,ren2
仂,le4
仃,ding1
仄,ze4
仆,pu1
仇,qiu2
仇,chou2
仇,qiu2
仉,zhang3
今,jin1
介,jie4
仌,bing1
仍,reng2
从,cong2
仔,zai3
仔,zi1
仔,zi3
仕,shi4
他,ta1
仗,zhang4
付,fu4
付,fu4
仙,xian1
仝,tong2
仞,ren4
仟,qian1
仡,ge1
仡,yi4
代,dai4
令,ling2
令,ling3
令,ling4
以,yi3
以,yi3
仨,sa1
仫,mu4
仰,yang3
仰,yang3
仲,zhong4
仲,zhong4
仳,pi3
仵,wu3
仵,wu3
件,jian4
任,ren2
任,ren4
份,fen4
仿,fang3
企,qi3
伄,diao4
伉,kang4
伊,yi1
伊,yi1
伍,wu3
伍,wu3
伎,ji4
伏,fu2
伏,fu2
伐,fa2
休,xiu1
休,xiu1
伕,fu1
伙,huo3
伢,ya2
伯,ba4
伯,bai3
伯,bo2
估,gu1
估,gu4
伲,ni3
伲,ni4
伴,ban4
伶,ling2
伸,shen1
伺,ci4
伺,si4
似,shi4
似,si4
伽,jia1
伾,pi1
似,si4
佃,dian4
佃,tian2
但,dan4
伫,zhu4
布,bu4
佉,qu1
位,wei4
低,di1
住,zhu4
佐,zuo3
佑,you4
占,zhan4
何,he2
何,he2
佗,tuo2
佘,she2
余,yu2
余,yu2
佚,yi4
佚,die2
佚,yi4
佛,fo2
作,zuo1
作,zuo4
佝,gou1
佝,kou4
佞,ning4
佟,tong2
你,ni3
佣,yong4
佤,wa3
佧,ka3
佩,pei4
佬,lao3
佯,yang2
佰,bai3
佳,jia1
佳,jia1
佴,er4
并,bing4
佶,ji2
佻,tiao1
佼,jiao3
佽,ci4
佽,ci4
佾,yi4
使,shi3
侃,kan3
侄,zhi2
来,lai2
侈,chi3
侉,kua3
例,li4
侌,yin1
侍,shi4
侏,zhu1
侑,you4
侔,mou2
仑,lun2
侗,dong4
侗,tong2
供,gong1
供,gong4
依,yi1
侮,wu3
侯,hou2
侯,hou2
侵,qin1
侣,lv3
局,ju2
便,bian4
便,pian2
俣,yu3
系,xi4
促,cu4
俄,e2
俄,e2
俅,qiu2
俉,wu2
俊,jun4
俊,zun4
俎,zu3
俏,qiao4
俐,li4
俑,yong3
俗,su2
俘,fu2
俚,li3
俚,li3
俛,mian3
俯,fu3
俜,ping1
保,bao3
保,bao3
俞,yu2
俞,shu4
俞,yu2
俟,qi2
俟,si4
侠,xia2
信,xin4
修,xiu1
修,xiu1
俯,fu3
俱,ju4
效,xiao4
俳,pai2
俸,feng4
俺,an3
备,bei4
俾,bi3
伥,chang1
俩,lia3
俩,liang3
仓,cang1
个,ge3
个,ge4
倌,guan1
倍,bei4
倏,shu1
倏,shu1
们,men
倒,dao3
倒,dao4
倔,jue2
倔,jue4
幸,xing4
倘,chang2
倘,tang3
候,hou4
倚,yi3
倜,ti4
倝,gan4
倞,jing4
倞,liang4
借,jie4
倡,chang4
仿,fang3
倥,kong1
倥,kong3
倦,juan4
倨,ju4
倩,qian4
倪,ni2
倪,ni2
伦,lun2
倬,zhuo1
倭,wo1
倮,luo3
睬,cai3
倻,ye1
值,zhi2
偃,yan3
偃,yan3
假,gei1
假,jia3
假,jia4
偈,ji4
偈,jie2
伟,wei3
偌,ruo4
偎,wei1
偏,pian1
偕,xie2
侃,kan3
做,zuo4
停,ting2
健,jian4
逼,bi1
侧,ce4
侧,zhai1
侦,zhen1
偶,ou3
偷,tou1
咱,zan2
伪,wei3
傀,gui1
傀,kui3
傅,fu4
傅,fu4
傈,li4
傍,bang4
杰,jie2
傕,jue2
傕,jue2
伧,cang1
伞,san3
备,bei4
效,xiao4
家,jia1
傣,dai3
催,cui1
佣,yong1
偬,zong3
傲,ao4
传,chuan2
传,zhuan4
伛,yu3
债,zhai4
伤,shang1
傺,chi4
傻,sha3
倾,qing1
傿,yan1
傿,yan4
偻,lou2
偻,lv3
仅,jin3
佥,qian1
仙,xian1
像,xiang4
侨,qiao2
仆,pu2
僖,xi1
僖,xi1
僚,liao2
僚,liao2
伪,wei3
侥,jiao3
侥,yao2
僦,jiu4
僧,seng1
偾,fen4
僬,jiao1
僭,jian4
僮,zhuang4
僮,tong2
雇,gu4
僳,su4
僵,jiang1
价,jia4
价,jie
僻,pi4
仪,yi2
俊,jun4
侬,nong2
亿,yi4
儅,dang1
儆,jing3
儇,xuan1
侩,kuai4
俭,jian3
儋,dan1
傧,bin1
儒,ru2
俦,chou2
侪,chai2
拟,ni3
尽,jin3
偿,chang2
儡,lei3
优,you1
储,chu3
储,chu3
倏,shu1
俪,li4
傩,nuo2
傥,tang3
俨,yan3
儿,ren2
兀,wu4
兀,wu4
允,yun3
元,yuan2
元,yuan2
兄,xiong1
充,chong1
兆,zhao4
兆,zhao4
凶,xiong1
先,xian1
光,guang1
克,ke4
克,ke4
兑,dui4
兑,dui4
免,mian3
免,wen4
兔,tu4
儿,er2
儿,er
兔,tu4
兕,si4
兖,yan3
兜,dou1
兟,shen1
兜,dou1
兢,jing1
入,ru4
内,nei4
全,quan2
全,quan2
两,liang3
八,ba1
公,gong1
六,liu4
兮,xi1
共,gong4
兵,bing1
其,qi2
具,ju4
典,dian3
兼,jian1
冀,ji4
冀,ji4
冂,jiong1
冉,ran3
円,yuan2
冉,ran3
冉,ran3
册,ce4
冋,jiong1
再,zai4
冏,jiong3
冒,mao4
冑,zhou4
冒,mao4
冒,mao4
冓,gou4
冕,mian3
冖,mi4
冗,rong3
冘,yin2
冘,you2
冠,guan4
冠,guan1
冠,guan4
冡,meng2
冢,zhong3
冣,ju4
最,zui4
冤,yuan1
冥,ming2
幂,mi4
冫,bing1
冬,dong1
冰,bing1
冱,hu4
冶,ye3
冷,leng3
冷,leng3
泯,min3
冼,xian3
冽,lie4
凄,qi1
准,zhun3
凇,song1
净,jing4
凋,diao1
凌,ling2
凌,ling2
冻,dong4
凛,lin3
凝,ning2
几,ji1
凡,fan2
凡,fan2
処,chu3
凰,huang2
凯,kai3
凯,kai3
凳,deng4
凭,ping2
凵,kan3
凶,xiong1
凸,tu1
凹,ao1
凹,wa1
出,chu1
凼,dang4
函,han2
刀,dao1
刀,dao1
刁,diao1
刁,diao1
刂,dao1
刃,ren4
分,fen1
分,fen4
切,qie1
切,qie4
刈,yi4
刊,kan1
刎,wen3
刑,xing2
刑,xing2
划,hua2
刖,yue4
列,lie4
初,chu1
判,pan4
别,bie2
别,bie2
劫,jie2
劫,jie2
刨,bao4
刨,pao2
利,li4
利,li4
删,shan1
刮,gua1
到,dao4
刳,ku1
制,zhi4
刷,shua1
刷,shua4
券,quan4
刺,ci1
刺,ci4
刻,ke4
劫,jie2
剁,duo4
剃,ti4
刭,jing3
则,ze2
锉,cuo4
削,xiao1
削,xue1
克,ke4
克,ke4
剋,ke4
剌,la2
剌,la4
前,qian2
刹,cha4
刹,sha1
创,chuang4
剔,ti1
剖,pou1
创,chuang4
刚,gang1
剜,wan1
剥,bao1
剥,bo1
剞,ji1
剡,shan4
剡,yan3
剩,sheng4
剪,jian3
剪,jian3
剐,gua3
副,fu4
割,ge1
剳,da2
札,zha2
剀,kai3
创,chuang1
创,chuang4
铲,chan3
戮,lu4
剽,piao1
剿,chao1
剿,jiao3
劁,qiao1
劂,jue2
划,hua2
划,hua4
劄,zha1
札,zha2
剧,ju4
劈,pi1
劈,pi3
刘,liu2
刘,liu2
刽,gui4
刿,gui4
剑,jian4
劐,huo1
劐,huo4
剂,ji4
剑,jian4
劓,yi4
力,li4
力,li4
功,gong1
加,jia1
加,jia1
劣,lie4
劦,lie4
劦,xie2
助,zhu4
努,nu3
劫,jie2
劬,qu2
劭,shao4
劭,shao4
券,quan4
劵,juan4
效,xiao4
劼,jie2
劾,he2
劲,jin4
劲,jing4
勃,bo2
敕,chi4
勇,yong3
勈,yong3
勉,mian3
倦,juan4
勐,meng3
敕,chi4
勒,le4
勒,lei1
动,dong4
勖,xu4
勘,kan1
务,wu4
勋,xun1
胜,sheng4
劳,lao2
募,mu4
势,shi4
勤,qin2
剿,chao1
剿,jiao3
勰,xie2
劢,mai4
勋,xun1
勋,xun1
励,li4
励,li4
劝,quan4
勹,bao1
勺,shao2
匀,yun2
勾,gou1
勾,gou1
勾,gou4
勿,wu4
丐,gai4
丐,gai4
包,bao1
包,bao1
匆,cong1
匈,xiong1
匈,xiong1
匊,ju1
匋,tao2
匍,pu2
匏,pao2
匐,fu2
匕,bi3
化,hua1
化,hua4
北,bei3
匙,chi2
匙,shi
匚,fang1
匝,za1
炕,kang4
匠,jiang4
匡,kuang1
匡,kuang1
匣,xia2
匧,qie4
匪,fei3
匦,gui3
汇,hui4
匮,kui4
匮,gui4
匮,kui4
奁,lian2
奁,lian2
匸,xi4
匹,pi1
匹,pi3
匽,yan3
匾,bian3
匿,ni4
区,ou1
区,qu1
十,shi2
卂,xun4
千,qian1
卄,nian4
卅,sa4
升,sheng1
午,wu3
卉,hui4
半,ban4
卌,xi4
卑,bei1
卒,cu4
卒,zu2
卓,zhuo2
卓,zhuo2
协,xie2
南,nan2
南,nan2
博,bo2
卜,bu3
卜,bu3
卞,bian4
卞,bian4
卟,bu3
占,zhan1
占,zhan4
卡,ka3
卡,qia3
卣,you3
卦,gua4
卩,jie2
卬,ang2
卬,ang2
卮,zhi1
卯,mao3
印,yin4
印,yin4
危,wei1
危,wei1
即,ji2
卵,luan3
卷,juan3
卷,juan4
卸,xie4
恤,xu4
却,que4
卿,qing1
膝,xi1
厂,han3
厄,e4
厓,ya2
厗,ti2
厘,li2
厍,she4
厚,hou4
厝,cuo4
原,yuan2
原,yuan2
厕,ce4
历,li4
厥,jue2
厪,jin3
厪,qin2
厌,yan4
厮,si1
厉,li4
厉,li4
厣,yan3
厶,mou3
厶,si1
厷,gong1
厷,hong2
厹,qiu2
厹,rou2
去,qu4
叁,san1
叁,san1
参,can1
参,cen1
参,shen1
参,can1
又,you4
叉,cha1
叉,cha2
叉,cha3
及,ji2
友,you3
反,fan3
叒,ruo4
叔,shu1
叕,zhuo2
取,qu3
受,shou4
假,jia3
叛,pan4
叟,sou3
睿,rui4
丛,cong2
口,kou3
古,gu3
古,gu3
句,gou1
句,ju4
另,ling4
叨,dao1
叨,tao1
叩,kou4
只,zhi1
只,zhi3
叫,jiao4
召,shao4
召,zhao4
叭,ba1
叮,ding1
可,ke3
可,ke4
台,tai2
台,tai2
叱,chi4
史,shi3
史,shi3
右,you4
叵,po3
叶,xie2
司,si1
司,si1
叻,le4
叼,diao1
吁,xu1
吁,yu4
吃,chi1
各,ge4
吆,yao1
合,ge3
合,he2
吉,ji2
吉,ji2
吊,diao4
吋,cun4
同,tong2
名,ming2
后,hou4
后,hou4
吏,li4
吐,tu3
吐,tu4
向,xiang4
向,xiang4
吒,zha1
吒,zha4
吖,a1
咿,yi1
君,jun1
吝,lin4
吞,tun1
吟,yin2
吠,fei4
吡,bi3
否,fou3
否,pi3
吧,ba1
吧,ba
吩,fen1
含,han2
听,yin3
吭,hang2
吭,keng1
吮,shun3
吱,zhi1
吱,zi1
吲,yin3
吴,wu2
吵,chao3
呐,na4
呐,na
吸,xi1
吹,chui1
吻,wen3
吼,hou3
吾,wu2
吾,wu2
呀,ya
吕,lv3
吕,lv3
呃,e4
呆,dai1
呈,cheng2
告,gao4
呋,fu1
叫,jiao4
呎,chi3
呑,tun1
呔,dai1
呔,tai3
呢,ne
呢,ni2
呤,ling2
呤,ling4
呦,you1
周,zhou1
周,zhou1
咒,zhou4
呫,che4
呫,tie4
呫,zhan1
呱,gu1
呲,ci1
呲,zi1
味,wei4
呵,a1
呵,he1
呶,nao2
呶,nu3
呷,xia1
呸,pei1
呻,shen1
呼,hu1
命,ming4
咀,ju3
咀,zui3
咂,za1
咄,duo1
咅,pou3
咆,pao2
和,he2
咋,za3
咋,ze2
咋,zha1
和,he2
和,he2
和,he4
和,hu2
和,huo2
和,huo4
咎,jiu4
咐,fu4
咑,da1
咒,zhou4
咔,ka3
咕,gu1
咖,ga1
咖,ka1
咚,dong1
咠,qi4
咢,e4
咣,guang1
咤,zha4
咥,die2
咥,xi4
咦,yi2
咧,lie1
咧,lie3
咧,lie
咨,zi1
咩,mie1
咪,mi1
咫,zhi3
咬,yao3
咭,ji1
咯,ge1
咯,lo
咯,luo4
咱,za2
咱,zan2
笑,xiao4
咳,hai1
咳,ke2
咴,hui1
咸,xian2
咸,xian2
咻,xiu1
呙,guo1
呙,wai1
咽,yan1
咽,yan4
咽,ye4
咾,lao3
咿,yi1
哀,ai1
哀,ai1
品,pin3
哂,shen3
哄,hong1
哄,hong3
哆,duo1
哇,wa1
哇,wa
哈,ha1
哈,ha1
哈,ha3
哉,zai1
哌,pai4
哎,ai1
哏,gen2
哏,hen3
哐,kuang1
哚,duo3
哞,mou1
员,yuan2
哥,ge1
哦,e2
哦,o2
哦,o4
哦,o
哧,chi1
哨,shao4
哩,li3
哩,li
哪,na3
哪,na
哪,ne2
哪,nei3
哭,ku1
哮,xiao4
哱,bo1
哲,zhe2
哳,zha1
咩,mie1
哺,bu3
哼,heng1
哽,geng3
哿,ge3
唁,yan4
呗,bai4
呗,bei
唅,han2
唆,suo1
唇,chun2
唉,ai1
唉,ai4
唎,li4
唎,li
唏,xi1
唐,tang2
唐,tang2
唑,zuo4
唔,wu2
唣,zao4
启,qi3
吣,qin4
唣,zao4
唧,ji1
唪,feng3
吟,yin2
唫,jin4
唫,yin2
唬,hu3
售,shou4
唯,wei2
唯,wei3
唰,shua1
唱,chang4
唳,li4
唵,an3
唷,yo1
唷,yo
念,nian4
唼,sha3
唾,tuo4
唿,hu1
啁,zhao1
啁,zhou1
啃,ken3
啄,zhuo2
商,shang1
商,shang1
啉,lin2
啊,a1
啊,a2
啊,a3
啊,a4
啊,a
问,wen4
啐,cui4
喋,die2
启,qi3
啕,tao2
啖,dan4
啖,dan4
啜,chuo4
哑,ya1
哑,ya3
启,qi3
启,qi3
啡,fei1
衔,xian2
啤,pi2
啥,sha2
啦,la1
啦,la
啪,pa1
啫,zhe3
啵,bo1
啵,bo
啶,ding4
啷,lang1
啻,chi4
啼,ti2
啾,jiu1
喀,ka1
喁,yong2
喁,yu2
喂,wei2
喂,wei4
喃,nan2
善,shan4
喆,zhe2
喇,la1
喇,la3
喈,jie1
喉,hou2
喊,han3
喋,die2
喏,nuo4
喏,re3
喑,yin1
咱,zan2
喔,o1
喔,o
喔,wo1
喘,chuan3
喙,hui4
唤,huan4
喜,xi3
喝,he1
喝,he4
喟,kui4
喧,xuan1
喨,liang4
丧,sang1
丧,sang4
吃,chi1
乔,qiao2
乔,qiao2
单,shan4
单,dan1
喱,li2
哟,yo1
哟,yo
喳,cha1
喳,zha1
喵,miao1
喹,kui2
喻,yu4
喻,yu4
喼,jie2
喿,sao4
啼,ti2
嗄,a2
嗄,sha4
嗅,xiu4
呛,qiang1
呛,qiang4
啬,se4
嗉,su4
唝,gong4
唝,hong3
嗌,ai4
嗌,yi4
嗍,suo1
吗,ma2
吗,ma3
吗,ma
嗐,hai4
嗑,ke4
嗒,da1
嗒,ta4
嗓,sang3
嗔,chen1
嗖,sou1
呜,wu1
嗜,shi4
嗝,ge2
嗟,jie1
嗡,weng1
嗣,si4
嗤,chi1
嗥,hao2
嗦,suo1
嗨,hai1
唢,suo3
嗪,qin2
嗬,he1
嗯,en1
嗯,en4
嗯,en
嗲,dia3
嗵,tong1
哔,bi4
嗷,ao2
嗽,sou4
嗾,sou3
嘀,di1
嘀,di2
嘁,qi1
嘅,ge3
慨,kai3
叹,tan4
嘈,cao2
嘉,jia1
嘉,jia1
嘌,piao4
喽,lou2
喽,lou
嘎,ga2
嘏,gu3
嘏,jia3
呼,hu1
呕,ou3
啧,ze2
尝,chang2
嘚,de1
嘛,ma2
嘛,ma
唛,mai4
嘞,lei
嘟,du1
嘎,ga2
嘢,ye3
嘣,beng1
嘧,mi4
哗,hua1
哗,hua2
嘬,chuai4
嘬,zuo1
嘭,peng1
唠,lao2
唠,lao4
啸,xiao4
叽,ji1
嘲,chao2
嘲,zhao1
嘴,zui3
哓,xiao1
嘶,si1
嗥,hao2
呒,fu3
嘹,liao2
嘻,xi1
啴,chan3
啴,tan1
嘿,hei1
啖,dan4
噌,ceng1
噌,cheng1
噍,jiao4
噎,ye1
嘘,xu1
噔,deng1
噗,pu1
噘,jue1
噙,qin2
咝,si1
哒,da1
噢,o1
噤,jin4
哝,nong2
哕,hui4
哕,yue3
器,qi4
噩,e4
噪,zao4
噫,yi1
噬,shi4
嗳,ai3
嗳,ai4
噱,jue2
哙,kuai4
哙,kuai4
哙,wei4
喷,pen1
喷,pen4
噶,ga2
吨,dun1
当,dang1
噻,sai1
噼,pi1
咛,ning2
嚄,huo4
嚄,o3
嚅,ru2
嚆,hao1
吓,he4
吓,xia4
哜,ji4
嚎,hao2
嚏,ti4
尝,chang2
嚓,ca1
嚓,cha1
噜,lu1
啮,nie4
咽,yan4
呖,li4
咙,long2
向,xiang4
嚯,huo4
喾,ku4
严,yan2
严,yan2
嘤,ying1
嚷,rang3
嚼,jiao2
嚼,jiao4
啭,zhuan4
嗫,nie4
嚣,xiao1
冁,chan3
呓,yi4
啰,luo1
啰,luo2
啰,luo
囊,nang2
苏,su1
嘱,zhu3
啮,nie4
囔,nang1
囗,wei2
因,yin1
囚,qiu2
四,si4
囝,jian3
囝,nan1
回,hui2
囟,xin4
因,yin1
囡,nan1
囤,dun4
囤,tun2
囱,chuang1
囱,cong1
囫,hu2
困,kun4
囷,qun1
囹,ling2
固,gu4
囿,you4
圂,hun4
圃,pu3
圄,yu3
函,han2
囵,lun2
圈,juan1
圈,juan4
圈,quan1
圉,yu3
圊,qing1
国,guo2
国,guo2
围,wei2
围,wei2
园,yuan2
园,yuan2
圆,yuan2
图,tu2
团,tuan2
圙,lve4
圜,huan2
圜,yuan2
土,tu3
土,tu3
圣,ku1
圣,sheng4
在,zai4
圩,wei2
圩,xu1
圪,ge1
圬,wu1
圭,gui1
圮,pi3
圯,yi2
地,de
地,di4
圳,zhen4
圻,qi2
圾,ji1
址,zhi3
坂,ban3
均,jun1
坊,fang1
坊,fang1
坊,fang2
坌,ben4
坍,tan1
坎,kan3
坐,zuo4
坐,zuo4
坑,keng1
坒,bi4
坡,po1
坤,kun1
坦,tan3
坨,tuo2
坩,gan1
坪,ping2
坫,dian4
坭,ni2
坯,pi1
坳,ao4
坴,lu4
丘,qiu1
坷,ke3
坻,chi2
坻,di3
坼,che4
附,fu4
垂,chui2
垃,la1
型,xing2
垌,dong4
垓,gai1
垔,yin1
垚,yao2
垛,duo3
垛,duo4
垛,duo3
垠,yin2
垡,fa2
垢,gou4
垣,yuan2
垤,die2
垧,shang3
垮,kua3
埂,geng3
埃,ai1
埃,ai1
埄,beng3
埄,feng1
埇,yong3
埋,mai2
埋,man2
城,cheng2
埏,shan1
埏,yan2
埒,lie4
埔,bu4
埔,pu3
埕,cheng2
埗,bu4
野,ye3
埝,nian4
域,yu4
埠,bu4
垭,ya1
埤,pi2
埭,dai4
埯,an3
埲,beng3
坎,kan3
埴,zhi2
埵,duo3
埶,yi4
执,zhi2
埸,yi4
培,pei2
基,ji1
埼,qi2
埽,sao4
堀,ku1
堂,tang2
坤,kun1
坚,jian1
堆,dui1
堇,jin3
垩,e4
堋,peng2
堍,tu4
垴,nao3
塍,cheng2
堙,yin1
埚,guo1
堞,die2
堠,hou4
堡,bao3
堡,bu3
堡,pu4
堤,di1
阶,jie1
堪,kan1
尧,yao2
堰,yan4
报,bao4
场,chang2
场,chang3
堵,du3
堿,jian3
塄,leng2
块,kuai4
茔,ying2
塌,ta1
塍,cheng2
垲,kai3
塑,su4
埘,shi2
塔,ta3
塕,weng3
涂,tu2
塘,tang2
冢,zhong3
塞,sai1
塞,sai1
塞,sai4
塞,se4
葬,zang4
坞,wu4
埙,xun1
塥,ge2
填,tian2
塬,yuan2
场,chang2
场,chang3
尘,chen2
堑,qian4
砖,zhuan1
塾,shu2
墀,chi2
墁,man4
境,jing4
墅,shu4
墉,yong1
垫,dian4
墒,shang1
墓,mu4
塔,ta3
坠,zhui4
增,zeng1
墟,xu1
墨,mo4
墨,mo4
墩,dun1
墩,dun1
堕,duo4
坟,fen2
垯,da
墙,qiang2
墼,ji1
垦,ken3
壁,bi4
野,ye3
壅,yong1
坛,tan2
壑,he4
压,ya1
压,ya4
壕,hao2
垒,lei3
圹,kuang4
垆,lu2
坏,huai4
垄,long3
垅,long3
坜,li4
壤,rang3
坝,ba4
士,shi4
士,shi4
壬,ren2
壮,zhuang4
壮,zhuang4
壴,zhu4
壴,zhu4
壹,yi1
壶,hu2
婿,xu4
寿,shou4
寿,shou4
夂,zhi3
夅,jiang4
夅,xiang2
夆,feng2
夊,sui1
夌,ling2
夏,xia4
夏,xia4
夔,kui2
夕,xi1
外,wai4
夗,yuan4
卯,mao3
夙,su4
多,duo1
夜,ye4
够,gou4
梦,meng4
夤,yin2
伙,huo3
夥,huo3
大,da4
大,dai4
天,tian1
太,tai4
夫,fu1
夫,fu2
夬,guai4
夭,yao1
央,yang1
夯,ben4
夯,hang1
失,shi1
夷,yi2
夸,kua1
夼,kuang3
夹,jia1
夹,jia2
夹,jia4
奄,yan3
奄,yan1
奄,yan3
奇,ji1
奇,qi2
奈,nai4
奉,feng4
奎,kui2
奏,zou4
奂,huan4
奂,huan4
契,qi4
奓,chi3
奓,she1
奓,zha4
奔,ben1
奔,ben4
奕,yi4
套,tao4
奘,zang4
奘,zhuang3
奚,xi1
奚,xi1
奠,dian4
奢,she1
奥,ao4
奥,ao4
奁,lian2
夺,duo2
奭,shi4
奭,shi4
奋,fen4
女,nv3
女,ru3
奴,nu2
奶,nai3
奸,jian1
她,ta1
姹,cha4
好,hao3
好,hao4
妁,shuo4
妁,shuo4
如,ru2
妃,fei1
妄,wang4
妊,ren4
妍,yan2
妒,du4
妓,ji4
妖,yao1
妗,jin4
妙,miao4
妆,zhuang1
妞,niu1
妣,bi3
妤,yu2
妥,tuo3
妨,fang2
妒,du4
妮,ni1
妯,zhou2
妲,da2
你,ni3
奶,nai3
侄,zhi2
妹,mei4
妻,qi1
妻,qi4
妾,qie4
姆,mu3
姊,zi3
姊,zi3
始,shi3
姗,shan1
姐,jie3
姑,gu1
姒,si4
姒,si4
姓,xing4
委,wei3
委,wei1
委,wei3
姘,pin1
妊,ren4
姚,yao2
姚,yao2
姜,jiang1
姜,jiang1
姝,shu1
姣,jiao1
姣,jiao1
姥,lao3
姥,mu3
奸,jian1
姨,yi2
侄,zhi2
姫,ji1
姬,ji1
姬,ji1
姮,heng2
姻,yin1
姿,zi1
威,wei1
娃,wa2
娉,ping1
娌,li3
娑,suo1
娓,wei3
娘,niang2
娱,yu2
娜,na4
娜,nuo2
娟,juan1
娠,shen1
娣,di4
娥,e2
娩,mian3
娩,wan3
娭,ai1
娶,qu3
娼,chang1
婀,e1
婀,e1
娄,lou2
婆,po2
婉,wan3
婊,biao3
婕,jie2
婚,hun1
婢,bi4
姻,yin1
妇,fu4
婧,jing4
婪,lan2
娅,ya4
婷,ting2
婺,wu4
婿,xu4
妇,fu4
媒,mei2
媕,an1
媚,mei4
媛,yuan2
媛,yuan4
媠,duo4
媠,tuo2
娲,wa1
妫,gui1
媲,pi4
媳,xi2
媵,ying4
媸,chi1
媪,ao3
妈,ma1
媾,gou4
愧,kui4
嫁,jia4
嫂,sao3
嫉,ji2
袅,niao3
嫌,xian2
嫖,piao2
妪,yu4
嫘,lei2
嫚,man4
嫚,man4
嫜,zhang1
嫠,li2
嫡,di2
嫣,yan1
嫦,chang2
嫩,nen4
嫪,lao4
嫪,lao4
嫫,mo2
嫩,nen4
妩,wu3
娴,xian2
娴,xian2
妫,gui1
娆,rao2
嬉,xi1
婵,chan2
娇,jiao1
嬖,bi4
嬗,shan4
嫱,qiang2
嬛,huan2
嬛,qiong2
嬛,xuan1
袅,niao3
嫒,ai4
嬷,mo2
嫔,pin2
奶,nai3
婴,ying1
嬲,niao3
嬴,ying2
嬴,ying2
婶,shen3
懒,lan3
孀,shuang1
娘,niang2
娈,luan2
子,zi3
子,zi
孑,jie2
孓,jue2
孔,kong3
孔,kong3
孕,yun4
字,zi4
存,cun2
孚,fu2
孛,bei4
孜,zi1
孝,xiao4
孟,meng4
孟,meng4
孢,bao1
季,ji4
季,ji4
孤,gu1
孥,nu2
孨,zhuan3
孩,hai2
孙,sun1
孙,sun1
孬,nao1
孰,shu2
孱,can4
孱,chan2
孳,zi1
孵,fu1
学,xue2
孺,ru2
孺,ru2
孽,nie4
孽,nie4
孪,luan2
宀,mian2
冗,rong3
它,ta1
宄,gui3
宅,zhai2
宇,yu3
守,shou3
安,an1
安,an1
宋,song4
完,wan2
宏,hong2
宓,mi4
宓,mi4
宕,dang4
宗,zong1
宗,zong1
官,guan1
官,guan1
宙,zhou4
定,ding4
宛,wan3
宛,wan3
宜,yi2
宜,yi2
客,ke4
宣,xuan1
宣,xuan1
室,shi4
室,shi4
宥,you4
宦,huan4
宦,huan4
宫,gong1
宫,gong1
宰,zai3
害,hai4
宴,yan4
宵,xiao1
家,jia1
宸,chen2
容,rong2
容,rong2
寇,kou4
宿,su4
宿,su4
宿,xiu3
宿,xiu4
寂,ji4
冤,yuan1
寄,ji4
寅,yin2
密,mi4
密,mi4
寇,kou4
富,fu4
富,fu4
寐,mei4
寝,qin3
寒,han2
寓,yu4
宁,ning4
寞,mo4
察,cha2
察,cha2
寡,gua3
寝,qin3
寤,wu4
寥,liao2
实,shi2
宁,ning2
宁,ning2
宁,ning4
寨,zhai4
审,shen3
写,xie3
宽,kuan1
宽,kuan1
寮,liao2
寮,liao2
寰,huan2
宝,bao3
宠,chong3
宝,bao3
寸,cun4
寺,si4
封,feng1
封,feng1
尃,fu1
射,she4
克,ke4
将,jiang1
将,jiang4
将,qiang1
专,zhuan1
尉,wei4
尉,wei4
尉,yu4
尊,zun1
寻,xun2
尌,shu4
对,dui4
导,dao3
小,xiao3
少,shao3
少,shao4
尔,er3
尕,ga3
尖,jian1
尗,shu1
尙,shang4
尚,shang4
尚,shang4
尜,ga2
鲜,xian3
鲜,xian3
尢,wang1
尤,you2
尤,you2
尥,liao4
尨,pang2
尨,mang2
尨,pang2
尬,ga4
就,jiu4
尴,gan1
尸,shi1
尹,yin3
尹,yin3
尺,che3
尺,chi3
尻,kao1
尼,ni2
尾,wei3
尾,yi3
尿,niao4
尿,sui1
局,ju2
屁,pi4
屄,bi1
居,ju1
居,ji1
居,ju1
届,jie4
屈,qu1
屈,qu1
屋,wu1
屌,diao3
尸,shi1
屎,shi3
屏,bing1
屏,bing3
屏,ping2
屐,ji1
屑,xie4
屃,xi4
展,zhan3
展,zhan3
屙,e1
屉,ti4
屠,tu2
屠,tu2
屡,lv3
屣,xi3
层,ceng2
履,lv3
屦,ju4
属,shu3
属,zhu3
屃,xi4
屮,che4
屯,tun2
屯,zhun1
山,shan1
山,shan1
屹,yi4
屺,qi3
屾,shen1
坂,ban3
岈,ya2
岌,ji2
岍,qian1
岐,qi2
岐,qi2
岑,cen2
岑,cen2
岔,cha4
岜,ba1
冈,gang1
岢,ke3
岣,gou3
岩,yan2
岫,xiu4
岬,jia3
岭,ling2
岱,dai4
岳,yue4
岳,yue4
岵,hu4
岷,min2
岸,an4
峁,mao3
峇,ba1
峇,ke1
峇,ke4
峋,xun2
峒,dong4
峒,tong2
峙,shi4
峙,zhi4
峒,tong2
峨,e2
峨,e2
峪,yu4
峭,qiao4
峰,feng1
峰,feng1
岘,xian4
岛,dao3
峻,jun4
峡,xia2
崆,kong1
崇,chong2
崇,chong2
崃,lai2
崎,qi2
昆,kun1
昆,kun1
崒,cui4
崒,zu2
崔,cui1
崔,cui1
崖,ya2
岗,gang1
岗,gang3
仑,lun2
仑,lun2
崛,jue2
崞,guo1
峥,zheng1
崤,xiao2
崦,yan1
崧,song1
崩,beng1
岽,dong1
崮,gu4
崴,wai3
崴,wei1
崽,zai3
崾,yao3
嵇,ji1
嵊,sheng4
嵋,mei2
嵌,kan3
嵌,qian4
岚,lan2
岩,yan2
岁,sui4
嵛,yu2
嵞,tu2
嵩,song1
嵫,zi1
嵬,wei2
嵯,cuo2
嵴,ji2
嵝,lou3
嶂,zhang4
崭,chan2
崭,zhan3
崭,chan2
崭,zhan3
岖,qu1
崂,lao2
嶙,lin2
嶝,deng4
峤,jiao4
嶡,gui4
嶡,jue2
峄,yi4
嶪,ye4
岙,ao4
嶷,yi2
嵘,rong2
岭,ling3
屿,yu3
岳,yue4
岳,yue4
巂,gui1
巂,xi1
岿,kui1
巍,wei1
峦,luan2
巅,dian1
岩,yan2
岩,yan2
巛,chuan1
川,chuan1
川,chuan1
州,zhou1
巠,jing1
巡,xun2
巢,chao2
巢,chao2
巤,lie4
工,gong1
左,zuo3
左,zuo3
巧,qiao3
巨,ju4
巫,wu1
巫,wu1
差,cha1
差,cha4
差,chai1
差,ci1
巯,qiu2
己,ji3
已,yi3
巳,si4
巴,ba1
巴,ba1
卮,zhi1
巷,xiang4
卺,jin3
巽,xun4
巾,jin1
巿,fu2
匝,za1
市,shi4
布,bu4
帆,fan1
纸,zhi3
希,xi1
帑,tang3
帔,pei4
帕,pa4
帖,tie1
帖,tie3
帖,tie4
帘,lian2
帙,zhi4
帙,zhi4
帚,zhou3
帛,bo2
帝,di4
帅,shuai4
帅,shuai4
师,shi1
师,shi1
裙,qun2
席,xi2
席,xi2
帐,zhang4
带,dai4
帷,wei2
常,chang2
常,chang2
帽,mao4
帧,zhen1
帏,wei2
幄,wo4
幅,fu2
帮,bang1
幌,huang3
徽,hui1
幔,man4
幕,mu4
帼,guo2
帻,ze2
幕,mu4
帮,bang1
幛,zhang4
幞,fu2
帜,zhi4
幡,fan1
幢,chuang2
幢,zhuang4
币,bi4
帮,bang1
帱,chou2
帱,dao4
干,gan1
干,gan1
平,ping2
平,ping2
年,nian2
年,nian2
并,bing1
幸,xing4
幸,xing4
干,gan4
幻,huan4
幼,you4
幽,you1
几,ji1
几,ji3
广,yan3
庀,pi3
庄,zhuang1
庇,bi4
床,chuang2
庋,gui3
序,xu4
底,de
底,di3
庖,pao2
店,dian4
庚,geng1
府,fu3
庠,xiang2
庥,xiu1
度,du4
度,duo2
座,zuo4
库,ku4
庭,ting2
庳,bi4
庵,an1
庶,shu4
康,kang1
康,kang1
庸,yong1
庹,tuo3
庶,shu4
寓,yu4
庾,yu3
厕,ce4
厕,si4
厢,xiang1
厩,jiu4
厦,xia4
厦,sha4
廉,lian2
廉,lian2
廊,lang2
廌,zhi4
厩,jiu4
廑,jin3
廑,qin2
廒,ao2
廓,kuo4
荫,yin4
廖,liao4
厨,chu2
廛,chan2
厮,si1
庙,miao4
厂,chang3
庑,wu2
庑,wu3
废,fei4
广,guang3
广,guang3
廥,kuai4
廨,xie4
廪,lin3
庐,lu2
厅,ting1
廴,yin3
巡,xun2
延,yan2
延,yan2
廷,ting2
迫,po4
建,jian4
乃,nai3
廾,gong3
廿,nian4
弁,bian4
弄,long4
弄,nong4
弇,yan3
弈,yi4
弊,bi4
弋,yi4
式,shi4
弑,shi4
弓,gong1
弓,gong1
吊,diao4
引,yin3
弗,fu2
弘,hong2
弛,chi2
弟,di4
弟,ti4
弦,xian2
弧,hu2
弩,nu3
弭,mi3
弮,juan4
弮,quan1
弱,ruo4
弪,jing4
张,zhang1
张,zhang1
强,qiang2
强,jiang4
强,qiang2
强,qiang3
弼,bi4
彀,gou4
别,bie4
弹,dan4
弹,tan2
强,jiang4
强,qiang2
强,qiang3
弥,mi2
弯,wan1
彐,ji4
彑,ji4
录,lu4
彖,tuan4
彗,hui4
彘,zhi4
汇,hui4
彝,yi2
彟,huo4
彡,shan1
形,xing2
彤,tong2
彤,tong2
彦,yan4
彧,yu4
彩,cai3
彪,biao1
雕,diao1
彬,bin1
彭,peng2
彰,zhang1
影,ying3
彳,chi4
仿,fang3
彷,pang2
彸,zhong1
役,yi4
彼,bi3
佛,fu2
往,wang3
征,zheng1
徂,cu2
往,wang3
待,dai1
待,dai4
徇,xun4
很,hen3
徉,yang2
徊,huai2
律,lv4
律,lv4
后,hou4
徐,xu2
徐,xu2
径,jing4
徒,tu2
徒,tu2
得,de2
得,de
得,dei3
徘,pai2
徙,xi3
徜,chang2
从,cong2
从,cong2
徕,lai2
御,yu4
遍,bian4
徨,huang2
复,fu4
循,xun2
徭,yao2
微,wei1
微,wei1
徯,xi1
徴,zheng1
征,zheng1
徵,zhi3
德,de2
德,de2
彻,che4
徼,jiao3
徼,jiao4
徽,hui1
心,xin1
忄,xin1
必,bi4
忉,dao1
忌,ji4
忍,ren3
忐,tan3
忑,te4
忒,te4
忒,te4
忕,shi4
忕,tai4
忖,cun3
志,zhi4
忘,wang4
忙,mang2
忝,tian3
忞,min2
忞,min3
忞,wen3
忠,zhong1
忡,chong1
忤,wu3
忪,song1
忪,zhong1
快,kuai4
忭,bian4
忮,zhi4
忱,chen2
念,nian4
忸,niu3
忻,xin1
忽,hu1
忽,hu1
忿,fen4
怊,chao1
怍,zuo4
怎,zen3
怏,yang4
怒,nu4
怔,zheng1
怔,zheng4
怕,pa4
怕,pa4
怖,bu4
怙,hu4
怛,da2
思,si1
怠,dai4
怡,yi2
急,ji2
怦,peng1
性,xing4
怨,yuan4
怩,ni2
怪,guai4
怫,fei4
怫,fu2
怯,qie4
匆,cong1
恍,huang3
怵,chu4
恁,nen4
恁,nin2
恂,xun2
恃,shi4
恒,heng2
恒,heng2
恍,huang3
恐,kong3
恒,heng2
恓,xi1
恕,shu4
恙,yang4
恚,hui4
恝,jia2
怪,guai4
吝,lin4
恢,hui1
恣,zi4
恤,xu4
耻,chi3
恧,nv4
恨,hen4
恩,en1
恪,ke4
恪,ke4
恫,dong4
恬,tian2
恭,gong1
息,xi1
恰,qia4
恿,yong3
悃,kun3
悄,qiao1
悄,qiao3
悦,yue4
悉,xi1
悌,ti4
悍,han4
悒,yi4
悔,hui3
悖,bei4
悚,song3
悛,quan1
悝,kui1
悝,li3
悟,wu4
悠,you1
患,huan4
匆,cong1
悧,li4
您,nin2
悱,fei3
悲,bei1
德,de2
悴,cui4
怅,chang4
闷,men1
闷,men4
悸,ji4
悻,xing4
悼,dao4
凄,qi1
情,qing2
惆,chou2
惋,wan3
婪,lan2
惑,huo4
惓,quan2
惕,ti4
惘,wang3
惙,chuo4
惚,hu1
惛,hun1
惜,xi1
惝,chang3
惟,wei2
惠,hui4
惠,hui4
恶,e3
恶,e4
恶,wu4
恿,yong3
惦,dian4
德,de2
惰,duo4
恼,nao3
恽,yun4
想,xiang3
惴,zhui4
惶,huang2
蠢,chun3
惹,re3
惺,xing1
恻,ce4
愀,qiao3
愁,chou2
愆,qian1
愈,yu4
愉,yu2
愍,min3
愎,bi4
意,yi4
意,yi4
愕,e4
恪,ke4
愚,yu2
爱,ai4
惬,qie4
感,gan3
愣,leng4
愧,kui4
悫,que4
愫,su4
诉,su4
怆,chuang4
恺,kai3
博,bo2
忾,kai4
愿,yuan4
恿,yong3
栗,li4
慈,ci2
慊,qian4
慊,qie4
态,tai4
慌,huang1
愠,yun4
慎,shen4
慕,mu4
惨,can3
惭,can2
惭,can2
慝,te4
恸,tong4
慢,man4
惯,guan4
悫,que4
慧,hui4
慨,kai3
怄,ou4
怂,song2
怂,song3
虑,lv4
慰,wei4
悭,qian1
慑,she4
慵,yong1
庆,qing4
慷,kang1
戚,qi1
戚,qi1
欲,yu4
忧,you1
憩,qi4
惫,bei4
憋,bie1
憎,zeng1
怜,lian2
凭,ping2
愦,kui4
憔,qiao2
惮,dan4
憝,dui4
愤,fen4
憧,chong1
憨,han1
憩,qi4
悯,min3
憬,jing3
怃,wu3
宪,xian4
忆,yi4
憷,chu4
憾,han4
懂,dong3
勤,qin2
恳,ken3
懈,xie4
应,ying1
应,ying1
应,ying4
懊,ao4
懋,mao4
怿,yi4
懔,lin3
懞,meng2
怼,dui3
怼,dui4
懑,men4
懦,nuo4
恹,yan1
懮,you3
惩,cheng2
懵,meng3
懒,lan3
怀,huai2
怀,huai2
悬,xuan2
忏,chan4
惧,ju4
欢,huan1
慑,she4
懿,yi4
恋,lian4
戆,gang4
戆,zhuang4
戈,ge1
戈,ge1
戉,yue4
戊,wu4
戌,qu
戌,xu1
戍,shu4
戎,rong2
戎,rong2
成,cheng2
成,cheng2
我,wo3
戒,jie4
戋,jian1
戕,qiang1
或,huo4
戚,qi1
戚,qi1
戛,jia2
戛,jia2
戟,ji3
戠,zhi2
戡,kan1
戢,ji2
戢,ji2
戤,gai4
戥,deng3
戗,qiang1
戬,jian3
截,jie2
戮,lu4
戏,xi4
战,zhan4
戏,xi4
戳,chuo1
戴,dai4
戴,dai4
户,hu4
厄,e4
卯,mao3
戽,hu4
戾,li4
房,fang2
房,fang2
所,suo3
扁,pian1
扁,bian3
扁,pian1
扂,dian4
扃,jiong1
扆,yi3
扆,yi3
扇,shan1
扇,shan4
扈,hu4
扈,hu4
扉,fei1
手,shou3
扌,shou3
才,cai2
扎,zha1
扎,zha2
扒,ba1
扒,pa2
打,da2
打,da3
扔,reng1
払,fan3
払,fu2
托,tuo1
扛,gang1
扛,kang2
捍,han4
扢,gu3
扢,xi4
扣,kou4
扦,qian1
扭,niu3
扮,ban4
扯,che3
扳,ban1
扳,pan1
扶,fu2
批,pi1
扼,e4
找,zhao3
承,cheng2
承,cheng2
技,ji4
抃,bian4
抄,chao1
抉,jue2
把,ba3
把,ba4
抑,yi4
抒,shu1
抓,zhua1
投,tou2
抖,dou3
抗,kang4
折,she2
折,zhe1
折,zhe2
拗,ao4
抨,peng1
披,pi1
抬,tai2
抱,bao4
抵,di3
抹,ma1
抹,mo3
抹,mo4
抻,chen1
押,ya1
抽,chou1
抿,min3
拂,bi4
拂,fu2
拄,zhu3
拆,chai1
拇,mu3
拈,nian1
拉,la1
拊,fu3
抛,pao1
拌,ban4
拍,pai1
拎,lin1
拿,na2
拐,guai3
拑,qian2
拒,ju4
拓,tuo4
拓,ta4
拓,tuo4
拔,ba2
拖,tuo1
拖,tuo1
拗,ao4
拗,niu4
拘,ju1
拙,zhuo1
拚,pan4
拚,pin1
招,zhao1
拜,bai4
括,kuo4
拭,shi4
拮,jie2
拯,zheng3
拱,gong3
拳,quan2
拴,shuan1
拶,za1
拶,zan3
拷,kao3
拼,pin1
拽,ye4
拽,zhuai1
拽,zhuai3
拽,zhuai4
拾,she4
拾,shi2
拿,na2
持,chi2
指,zhi3
挈,qie4
按,an4
挎,kua4
挑,tiao1
挑,tiao3
挖,wa1
挨,ai1
挨,ai2
挪,nuo2
挫,cuo4
振,zhen4
挲,suo1
挲,suo1
弄,nong4
挹,yi4
挺,ting3
挽,wan3
挟,jia1
挟,xie2
捂,wu3
捃,jun4
救,jiu4
捅,tong3
捆,kun3
捉,zhuo1
捋,lv3
捋,luo1
捌,ba1
捍,han4
捎,shao1
捏,nie1
捐,juan1
捕,bu3
捧,peng3
舍,she3
捩,lie4
扪,men2
捭,bai3
捭,bo4
据,ju1
据,ju4
捱,ai2
卷,juan3
捶,chui2
捷,jie2
捷,jie2
捺,na4
捻,nian3
掀,xian1
掂,dian1
扫,sao3
扫,sao4
抡,lun1
抡,lun2
掇,duo1
授,shou4
掉,diao4
掊,pou2
掊,pou3
掌,zhang3
掎,ji3
掏,tao1
掐,qia1
排,pai2
掖,ye1
掖,ye4
掘,jue2
挣,zheng1
挣,zheng4
挂,gua4
掠,lve4
采,cai3
探,tan4
掣,che4
接,jie1
控,kong4
推,tui1
掩,yan3
措,cuo4
掬,ju1
掭,tian4
掮,qian2
掰,bai1
掱,pa2
掱,shou3
碰,peng4
掾,yuan4
拣,jian3
揄,yu2
揆,kui2
揉,rou2
揍,zou4
揎,xuan1
描,miao2
提,di1
提,ti2
捏,nie1
插,cha1
揖,yi1
扬,yang2
扬,yang2
换,huan4
揞,an3
揠,ya4
握,wo4
揣,chuai1
揣,chuai3
揩,kai1
揪,jiu1
揭,jie1
揭,jie1
挥,hui1
揲,she2
援,yuan2
揶,ye2
插,cha1
揸,zha1
背,bei1
构,gou4
揿,qin4
搋,chuai1
搌,zhan3
损,sun3
搏,bo2
搐,chu4
搓,cuo1
搔,sao1
摇,yao2
摇,yao2
捣,dao3
搛,jian1
搜,sou1
搞,gao3
搠,shuo4
搡,sang3
扼,e4
捶,chui2
搦,nuo4
搪,tang2
搬,ban1
搭,da1
掏,tao1
搴,qian1
抢,qiang1
抢,qiang3
搽,cha2
榨,zha4
搿,ge2
摀,wu3
摁,en4
扛,gang1
掴,guai1
摒,bing4
摔,shuai1
摘,zhai1
掼,guan4
摞,luo4
搂,lou1
搂,lou3
摧,cui1
摩,mo2
摭,zhi2
挚,zhi4
挚,zhi4
抠,kou1
抟,tuan2
摸,mo1
摸,mo2
摹,mo2
折,zhe2
摺,zhe2
掺,chan1
掺,shan3
摽,biao1
摽,biao4
撂,liao4
撅,jue1
撇,pie1
撇,pie3
捞,lao1
撑,cheng1
撒,sa1
撒,sa3
挠,nao2
撕,si1
撖,han4
撙,zun3
撞,zhuang4
挢,jiao3
操,cao1
掸,dan3
撤,che4
拨,bo1
扯,che3
撩,liao1
撩,liao2
抚,fu3
撬,qiao4
播,bo1
撮,cuo1
撮,zuo3
撰,zhuan4
扑,pu1
揿,qin4
挞,ta4
撼,han4
挝,wo1
挝,zhua1
捡,jian3
擀,gan3
拥,yong1
擂,lei2
擂,lei4
掳,lu3
擅,shan4
择,ze2
击,ji1
挡,dang3
挡,dang4
操,cao1
操,cao4
擎,qing2
擐,huan4
擒,qin2
担,dan1
担,dan4
携,xie2
擗,pi3
擘,bo4
据,ju4
挤,ji3
抬,tai2
擢,zhuo2
擤,xing3
擦,ca1
举,ju3
拟,ni3
摈,bin4
拧,ning2
拧,ning3
拧,ning4
搁,ge1
搁,ge2
掷,zhi4
扩,kuo4
撷,xie2
摆,bai3
擞,sou3
撸,lu1
扰,rao3
擿,ti1
擿,zhi4
攀,pan1
摅,shu1
撵,nian3
攉,huo1
拢,long3
拦,lan2
撄,ying1
攘,rang3
搀,chan1
撺,cuan1
携,xie2
摄,she4
攒,cuan2
攒,zan3
挛,luan2
摊,tan1
攥,zuan4
挡,dang3
搅,jiao3
攫,jue2
揽,lan3
攮,nang3
支,zhi1
支,zhi1
攴,pu1
攵,pu1
收,shou1
考,kao3
攸,you1
改,gai3
攻,gong1
放,fang4
政,zheng4
叩,kou4
敃,min3
故,gu4
效,xiao4
敉,mi3
叙,xu4
敏,min3
救,jiu4
敕,chi4
敖,ao2
敖,ao2
败,bai4
叙,xu4
叙,xu4
教,jiao4
教,jiao1
教,jiao4
敝,bi4
敞,chang3
敢,gan3
散,san3
散,san4
敦,dun1
敪,duo2
敫,jiao3
敫,jiao3
敬,jing4
扬,yang2
敲,qiao1
整,zheng3
敌,di2
敷,fu1
数,shu3
数,shu4
数,shuo4
驱,qu1
敻,xiong4
敛,lian3
敛,lian4
毙,bi4
文,wen2
文,wen2
斌,bin1
斐,fei3
斑,ban1
斓,lan2
斗,dou3
斗,dou3
料,liao4
斛,hu2
斜,xie2
斟,zhen1
斡,wo4
斤,jin1
斥,chi4
斧,fu3
斫,zhuo2
斩,zhan3
斯,si1
斯,si1
新,xin1
新,xin1
斫,zhuo2
斫,zhuo2
断,duan4
方,fang1
方,fang1
于,yu2
於,yu1
於,wu1
施,shi1
施,shi1
斿,you2
旁,pang2
旗,qi2
旃,zhan1
旄,mao2
旄,mao4
旅,lv3
旆,pei4
旋,xuan2
旋,xuan4
旌,jing1
旎,ni3
族,zu2
旒,liu2
旖,yi3
旗,qi2
旡,ji4
既,ji4
祸,huo4
日,ri4
日,ri4
旦,dan4
旨,zhi3
早,zao3
旬,xun2
旭,xu4
旮,ga1
旯,la2
旰,gan4
旱,han4
时,shi2
旺,wang4
春,chun1
昀,yun2
昂,ang2
昃,ze4
昆,kun1
升,sheng1
昇,sheng1
昉,fang3
昊,hao4
昊,hao4
昌,chang1
昌,chang1
明,ming2
明,ming2
昏,hun1
易,yi4
易,yi4
昔,xi1
昔,xi1
昕,xin1
慎,shen4
昜,yang2
昝,zan3
星,xing1
映,ying4
春,chun1
春,chun1
昧,mei4
昨,zuo2
昫,xu4
昏,hun1
昭,zhao1
是,shi4
是,shi4
昱,yu4
昴,mao3
昵,ni4
昶,chang3
晁,chao2
时,shi2
时,shi2
晃,huang3
晃,huang4
晋,jin4
晋,jin4
晌,shang3
晏,yan4
晏,yan4
晒,shai4
晗,han2
晚,wan3
昼,zhou4
晟,cheng2
晟,sheng4
晡,bu1
晤,wu4
晦,hui4
晨,chen2
晬,zui4
普,pu3
景,jing3
景,jing3
晰,xi1
晴,qing2
晶,jing1
晷,gui3
智,zhi4
暗,an4
晾,liang4
暄,xuan1
暆,yi2
暇,xia2
晕,yun1
晕,yun4
晖,hui1
暋,min2
暋,min3
暌,kui2
映,ying4
暑,shu3
暖,nuan3
暗,an4
暝,ming2
暠,gao3
皓,hao4
暡,weng3
畅,chang4
暨,ji4
暂,zan4
暮,mu4
昵,ni4
暴,bao4
暴,bao4
暹,xian1
暾,tun1
晔,ye4
历,li4
昙,tan2
晓,xiao3
向,xiang4
暧,ai4
曙,shu3
曚,meng2
曛,xun1
曜,yao4
曝,pu4
旷,kuang4
叠,die2
曦,xi1
曩,nang3
晒,shai4
曰,yue1
曱,yue1
曲,qu1
曲,qu1
曲,qu3
曳,ye4
更,geng1
更,geng4
曷,he2
书,shu1
书,shu1
曹,cao2
曹,cao2
曼,man4
曾,zeng1
曾,ceng2
曾,zeng1
替,ti4
最,zui4
朁,can3
会,hui4
会,kuai4
月,yue4
有,you3
朊,ruan3
朋,peng2
服,fu2
服,fu4
朐,qu2
朔,shuo4
朕,zhen4
朗,lang3
望,wang4
朝,chao2
朝,chao2
朝,zhao1
期,qi1
期,qi1
望,wang4
朦,meng2
胧,long2
木,mu4
木,mu4
未,wei4
末,mo4
本,ben3
札,zha2
朮,shu4
朮,zhu2
朱,zhu1
朱,zhu1
朴,piao2
朴,po1
朴,po4
朵,duo3
朵,duo3
朽,xiu3
朿,ci4
杆,gan1
杈,cha1
杈,cha4
杉,shan1
杌,wu4
李,li3
李,li3
杏,xing4
材,cai2
村,cun1
杓,biao1
杓,shao2
杖,zhang4
杜,du4
杜,du4
杞,qi3
杞,qi3
束,shu4
束,shu4
杠,gang1
杠,gang4
杪,miao3
杭,hang2
杯,bei1
杰,jie2
东,dong1
东,dong1
杲,gao3
杳,yao3
杵,chu3
杷,ba4
杷,pa2
杼,zhu4
松,song1
松,song1
板,ban3
枇,pi2
枉,wang3
枋,fang1
楠,nan2
析,xi1
枒,ya2
枓,dou3
枕,zhen3
林,lin2
林,lin2
枘,rui4
枚,mei2
枚,mei2
果,guo3
枝,zhi1
枯,ku1
枰,ping2
枳,zhi3
拐,guai3
枵,xiao1
架,jia4
枷,jia1
枸,gou1
枸,gou3
枸,ju3
柁,tuo2
柃,ling2
柄,bing3
柊,zhong1
柏,bai3
柏,bai3
柏,bo2
柏,bo4
某,mou3
柑,gan1
柒,qi1
染,ran3
柔,rou2
柘,zhe4
柙,xia2
柚,you4
柜,gui4
柜,ju3
柝,tuo4
柞,zuo4
楠,nan2
柢,di3
查,zha1
查,cha2
查,zha1
柩,jiu4
柬,jian3
柬,jian3
柯,ke1
柯,ke1
柰,nai4
柱,zhu4
柳,liu3
柳,liu3
柴,chai2
柴,chai2
栅,zha4
柿,shi4
拐,guai3
柿,shi4
柳,liu3
栓,shuan1
栗,li4
栗,li4
栝,gua1
刊,kan1
校,jiao4
校,xiao4
柏,bai3
栩,xu3
株,zhu1
筏,fa2
栱,gong3
栲,kao3
栳,lao3
栴,zhan1
核,he2
根,gen1
格,ge2
栽,zai1
桀,jie2
桁,hang2
桁,heng2
桂,gui4
桂,gui4
桃,tao2
桄,guang1
桄,guang4
桅,wei2
框,kuang4
案,an4
桉,an1
桌,zhuo1
桎,zhi4
桐,tong2
桑,sang1
桑,sang1
桑,sang1
桓,huan2
桓,huan2
桔,jie2
桔,ju2
桕,jiu4
桫,suo1
杯,bei1
桲,bo2
桲,po
桴,fu2
桶,tong3
桷,jue2
柳,liu3
杆,gan3
梁,liang2
梁,liang2
梃,ting3
梅,mei2
梅,mei2
梆,bang1
梏,gu4
梓,zi3
栀,zhi1
梗,geng3
枧,jian3
条,tiao2
枭,xiao1
梢,shao1
梣,chen2
梧,wu2
梨,li2
梭,suo1
梯,ti1
械,xie4
梳,shu1
梵,fan4
弃,qi4
棉,mian2
棋,qi2
棋,qi2
棍,gun4
棒,bang4
棕,zong1
枨,cheng2
枣,zao3
棘,ji2
棚,peng2
栋,dong4
棠,tang2
棣,di4
栈,zhan4
森,sen1
森,sen1
棰,chui2
棱,leng2
栖,qi1
棵,ke1
梾,lai2
棹,zhuo1
棺,guan1
棻,fen1
棼,fen2
碗,wan3
椅,yi3
椆,chou2
乘,cheng2
椋,liang2
植,zhi2
椎,chui2
椎,zhui1
桠,ya1
椐,ju1
椒,jiao1
碇,ding4
椥,zhi1
椪,peng4
椰,ye1
椴,duan4
棕,zong1
缄,jian1
椹,shen4
椽,chuan2
笺,jian1
椿,chun1
楂,cha2
楂,zha1
匾,pian2
杨,yang2
杨,yang2
枫,feng1
楔,xie1
楗,jian4
楙,mao4
楚,chu3
楚,chu3
楛,hu4
楛,ku3
楝,lian4
楞,leng2
楞,leng4
楠,nan2
楣,mei2
楦,xuan4
楦,xuan4
桢,zhen1
楫,ji2
业,ye4
业,ye4
楮,chu3
梅,mei2
极,ji2
楷,jie1
楷,kai3
楸,qiu1
楹,ying2
榀,pin3
概,gai4
榆,yu2
榔,lang2
榕,rong2
榕,rong2
矩,ju3
榛,zhen1
搒,bang4
搒,peng4
榜,bang3
榧,fei3
榨,zha4
杩,ma4
榫,sun3
榭,xie4
荣,rong2
荣,rong2
榱,cui1
榅,wen1
榴,liu2
榷,que4
榻,ta4
桤,qi1
槁,gao3
槁,gao3
槃,pan2
槊,shuo4
构,gou4
槌,chui2
枪,qiang1
枪,qiang1
槎,cha2
槐,huai2
梅,mei2
杠,gang4
槔,gao1
桌,zhuo1
槜,zui4
梿,lian2
椠,qian4
椁,guo3
概,gai4
槭,qi4
槲,hu2
桨,jiang3
槺,kang1
规,gui1
槽,cao2
槿,jin3
桩,zhuang1
乐,le4
乐,yue4
乐,le4
乐,yue4
枞,cong1
枞,zong1
樆,chi1
樆,li2
樊,fan2
樊,fan2
橹,lu3
梁,liang2
楼,lou2
楼,lou2
樗,chu1
樘,cheng3
樘,tang2
标,biao1
樛,jiu1
樛,jiu1
枢,shu1
樟,zhang1
模,mo2
模,mu2
样,yang4
樨,xi1
樵,qiao2
朴,pu3
树,shu4
桦,hua4
樽,zun1
樾,yue4
橄,gan3
橇,qiao1
桡,rao2
桥,qiao2
橐,tuo2
橘,ju2
橙,cheng2
橛,jue2
橛,jue2
机,ji1
机,ji1
橡,xiang4
椭,tuo3
蕊,rui3
横,heng2
横,heng4
橾,qiao1
橾,shu1
檀,tan2
檀,tan2
檩,lin3
檃,yin3
檄,xi2
柽,cheng1
檎,qin2
檐,yan2
檑,lei2
档,dang3
档,dang4
檗,bo4
桧,hui4
桧,gui4
楫,ji2
檠,qing2
检,jian3
樯,qiang2
檫,cha2
檬,meng2
梼,tao2
台,tai2
槟,bing1
檵,ji4
檵,qi3
柠,ning2
槛,jian4
槛,kan3
棹,zhao4
柜,gui4
櫆,kui2
凳,deng4
橹,lu3
榈,lv2
栉,zhi4
椟,du2
橼,yuan2
栎,li4
橱,chu2
槠,zhu1
栌,lu2
枥,li4
橥,zhu1
榇,chen4
蘖,nie4
栊,long2
榉,ju3
棂,ling2
樱,ying1
栏,lan2
权,quan2
权,quan2
椤,luo2
栾,luan2
栾,luan2
榄,lan3
郁,yu4
棂,ling2
欠,qian4
次,ci4
欣,xin1
欲,yu4
欶,shuo4
欷,xi1
欸,ai1
欸,ai3
欸,ei1
欸,ei2
欸,ei3
欸,ei4
欹,yi1
欺,qi1
欻,chua1
欻,xu1
钦,qin1
钦,qin1
款,kuan3
欿,kan3
歃,sha4
歆,xin1
歇,xie1
歉,qian4
歌,ge1
叹,tan4
欧,ou1
欧,ou1
歔,xu1
歙,she4
歛,han1
歛,lian3
欤,yu2
欢,huan1
止,zhi3
正,zheng1
正,zheng4
此,ci3
步,bu4
步,bu4
武,wu3
武,wu3
歧,qi2
歨,bu4
歪,wai1
歪,wai3
歰,se4
岁,sui4
历,li4
历,li4
归,gui1
归,gui1
歹,dai3
歺,can1
歺,dai3
死,si3
殁,mo4
夭,yao1
殂,cu2
殃,yang1
殄,tian3
殆,dai4
殉,xun4
殊,shu1
殍,piao3
殖,zhi2
殗,ye4
残,can2
殛,ji2
殒,yun3
殇,shang1
殪,yi4
殚,dan1
僵,jiang1
殓,lian4
殡,bin4
歼,jian1
殳,shu1
殳,shu1
段,duan4
段,duan4
殷,yin1
殷,yan1
殷,yin1
殷,yin3
殸,qing4
殹,yi4
杀,sha1
壳,qiao4
壳,ke2
壳,qiao4
淆,xiao2
肴,yao2
殿,dian4
毁,hui3
毅,yi4
殴,ou1
殴,ou1
毋,wu2
毋,wu2
毌,guan4
母,mu3
每,mei3
毒,du2
毓,yu4
比,bi3
比,bi1
比,bi3
毖,bi4
毗,pi2
毗,pi2
毚,chan2
毛,mao2
毛,mao2
毪,mu2
毫,hao2
毯,tan3
毳,cui4
毹,shu1
毽,jian4
毵,san1
牦,mao2
氅,chang3
氆,pu3
毡,zhan1
毡,zhan1
氇,lu3
氍,qu2
氏,shi4
氏,zhi1
氐,di1
氐,di3
民,min2
民,min2
氓,mang2
氓,meng2
氕,pie1
氖,nai3
氘,dao1
氙,xian1
氚,chuan1
氛,fen1
氜,ri4
氜,yang2
氟,fu2
氡,dong1
气,qi4
氤,yin1
氦,hai4
氧,yang3
氨,an1
氪,ke4
氢,qing1
氩,ya4
氮,dan4
氯,lv4
氰,qing2
氲,yun1
水,shui3
水,shui3
氵,shui3
冰,bing1
永,yong3
氹,dang4
氺,shui3
氽,tun3
泛,fan4
氿,gui3
汀,ting1
汁,zhi1
求,qiu2
汆,cuan1
汊,cha4
泛,fan4
汐,xi1
汔,qi4
汕,shan4
汗,han2
汗,han4
污,wu1
汛,xun4
汜,si4
汝,ru3
汞,gong3
江,jiang1
江,jiang1
池,chi2
池,chi2
污,wu1
汧,qian1
汧,qian1
汨,mi4
汩,gu3
汪,wang1
汪,wang1
汰,tai4
汲,ji2
汲,ji2
汴,bian4
汶,wen4
决,jue2
汽,qi4
汾,fen2
沁,qin4
沂,yi2
沃,wo4
沅,yuan2
沆,hang4
沇,yan3
沇,yan3
沈,shen3
沈,chen2
沉,chen2
沌,dun4
沏,qi1
沐,mu4
没,mei2
没,mo4
沓,ta4
沓,da2
沓,ta4
沔,mian3
冲,chong1
沙,sha1
沙,sha1
沛,pei4
沫,mo4
沭,shu4
沮,ju3
沱,tuo2
河,he2
沸,fei4
油,you2
治,zhi4
沼,zhao3
沽,gu1
沽,gu1
沾,zhan1
沿,yan2
况,kuang4
泄,xie4
泅,qiu2
泆,yi4
泉,quan2
泊,bo2
泊,po1
泌,bi4
泌,mi4
泐,le4
泓,hong2
泔,gan1
法,fa3
法,fa3
泖,mao3
泗,si4
泗,si4
泙,ping2
泛,fan4
泠,ling2
泠,ling2
泡,pao1
泡,pao4
波,bo1
波,bo1
泣,qi4
泥,ni2
泥,ni4
注,zhu4
泫,xuan4
泮,pan4
泯,min3
泰,tai4
泰,tai4
泱,yang1
泳,yong3
泵,beng4
洄,hui2
洇,yan1
洇,yin1
洋,yang2
洌,lie4
洎,ji4
洗,xi3
洙,zhu1
洙,zhu1
洚,jiang4
洛,luo4
洛,luo4
洞,dong4
洣,mi3
津,jin1
津,jin1
洧,wei3
洨,xiao2
洨,xiao2
泄,xie4
洪,hong2
洪,hong2
洫,xu4
洮,tao2
洱,er3
洲,zhou1
洳,ru4
洵,xun2
汹,xiong1
洹,huan2
活,huo2
洼,wa1
洽,qia4
派,pa1
派,pai4
流,liu2
浙,zhe4
浚,jun4
浜,bang1
浜,bin1
浞,zhuo2
浠,xi1
浣,huan4
浦,pu3
浦,pu3
浩,hao4
浪,lang4
浮,fu2
浯,wu2
浴,yu4
海,hai3
海,hai3
浸,jin4
浃,jia1
浼,mei3
浽,sui1
涂,tu2
涂,tu2
涅,nie4
泾,jing1
消,xiao1
涉,she4
涌,chong1
涌,yong3
涎,xian2
涑,su4
涓,juan1
涓,juan1
涔,cen2
涕,ti4
莅,li4
莅,li4
涪,fu2
涫,guan4
涮,shuan4
涯,ya2
液,ye4
涵,han2
涸,he2
凉,liang2
凉,liang2
凉,liang4
涿,zhuo1
淀,dian4
淄,zi1
淅,xi1
淆,xiao2
淇,qi2
淋,lin2
淋,lin4
淌,tang3
淑,shu1
凄,qi1
淖,nao4
淖,nao4
淘,tao2
淙,cong2
泪,lei4
浙,zhe4
淝,fei2
淞,song1
淞,song1
淠,pi4
淡,dan4
淤,yu1
渌,lu4
淦,gan4
净,jing4
淩,ling2
沦,lun2
淫,yin2
淬,cui4
淮,huai2
淯,yu4
深,shen1
淳,chun2
渊,yuan1
涞,lai2
混,hun2
混,hun4
淹,yan1
浅,jian1
浅,qian3
添,tian1
淼,miao3
清,qing1
清,qing1
渖,shen3
涣,huan4
渚,zhu3
减,jian3
渝,yu2
渠,qu2
渠,ju4
渠,qu2
渡,du4
渣,zha1
渤,bo2
渥,wo4
涡,guo1
涡,wo1
渫,xie4
渫,xie4
测,ce4
渭,wei4
港,gang3
港,gang3
渲,xuan4
渴,ke3
游,you2
游,you2
渺,miao3
浑,hun2
湃,pai4
湄,mei2
湉,tian2
凑,cou4
湍,tuan1
湎,mian3
湓,pen2
湔,jian1
湖,hu2
湘,xiang1
湛,zhan4
湛,zhan4
浈,zhen1
湟,huang2
湣,min3
涌,yong3
湫,jiao3
湮,yan1
湮,yin1
汤,tang1
汤,shang1
汤,tang1
湴,ban4
湴,pan2
淳,chun2
涅,nie4
沩,gui1
溉,gai4
溏,tang2
源,yuan2
准,zhun3
溘,ke4
溜,liu1
溜,liu4
沟,gou1
溟,ming2
溢,yi4
溥,pu3
溥,pu3
溦,wei1
溧,li4
溪,xi1
温,wen1
温,wen1
浉,shi1
溯,su4
溱,zhen1
溲,sou1
溴,xiu4
溶,rong2
溷,hun4
溺,ni4
溺,niao4
溻,ta1
湿,shi1
溽,ru4
滁,chu2
滂,pang1
沧,cang1
灭,mie4
滇,dian1
滊,xi4
滊,xie1
滋,zi1
涤,di2
荥,xing2
滏,fu3
滑,hua2
滑,hua2
滓,zi3
滔,tao1
滕,teng2
汇,hui4
淫,yin2
沪,hu4
滞,zhi4
渗,shen4
滴,di1
卤,lu3
浒,hu3
滹,hu1
浐,chan3
滚,gun3
满,man3
满,man3
渔,yu2
漂,piao1
漂,piao3
漂,piao4
漆,qi1
漉,lu4
漏,lou4
漓,li2
演,yan3
漕,cao2
沤,ou1
沤,ou4
漠,mo4
汉,han4
汉,han4
涟,lian2
漤,lan3
漩,xuan2
漪,yi1
漫,man4
渍,zi4
漭,mang3
漯,ta4
漱,shu4
涨,zhang3
涨,zhang4
漳,zhang1
溆,xu4
漶,huan4
渐,jian1
渐,jian4
漼,cui3
漾,yang4
浆,jiang1
浆,jiang4
颍,ying3
颍,ying3
漱,shu4
泼,po1
洁,jie2
潘,pan1
潜,qian2
潞,lu4
潟,xi4
潢,huang2
润,run4
潦,lao3
潦,liao2
潭,tan2
潭,tan2
潮,chao2
浔,xun2
溃,hui4
溃,kui4
潲,shao4
滗,bi4
潸,shan1
潺,chan2
潼,tong2
潽,pu1
涠,wei2
涩,se4
涩,se4
澄,cheng2
澄,cheng2
澄,cheng2
澄,deng4
浇,jiao1
涝,lao4
澈,che4
澉,gan3
澌,si1
澍,shu4
澎,peng2
涧,jian4
渑,sheng2
澡,zao3
浣,huan4
泽,ze2
澥,xie4
澧,li3
浍,kuai4
淀,dian4
澳,ao4
澳,ao4
澶,chan2
澹,tan2
澹,dan4
激,ji1
浊,zhuo2
濂,lian2
浓,nong2
濉,sui1
濊,hui4
湿,shi1
泞,ning4
蒙,meng2
濞,bi4
济,ji3
济,ji3
济,ji4
濠,hao2
濡,ru2
涛,tao1
滥,lan4
浚,jun4
濮,pu2
濯,zhao4
濯,zhuo2
潍,wei2
滨,bin1
阔,kuo4
溅,jian4
泺,luo4
滤,lv4
滢,ying2
渎,du2
泻,xie4
沈,shen3
沈,shen3
浏,liu2
瀑,bao4
瀑,pu4
濒,bin1
泸,lu2
瀚,han4
瀛,ying2
沥,li4
潇,xiao1
潆,ying2
瀣,xie4
潴,zhu1
泷,shuang1
泷,long2
濑,lai4
弥,mi2
潋,lian4
瀵,fen4
瀹,yue4
澜,lan2
沣,feng1
滠,she4
法,fa3
灌,guan4
洒,sa3
漓,li2
漓,li2
滩,tan1
灏,hao4
灞,ba4
湾,wan1
滦,luan2
赣,gan4
滟,yan4
火,huo3
火,huo3
灬,huo3
灰,hui1
灶,zao4
灸,jiu3
灼,zhuo2
灾,zai1
炅,gui4
炅,jiong3
炆,wen2
炊,chui1
炎,yan2
炏,yan2
炒,chao3
炔,gui4
炔,que1
炕,kang4
炙,zhi4
炤,zhao4
照,zhao4
炫,xuan4
炬,ju4
炭,tan4
炮,bao1
炮,pao2
炮,pao4
炯,jiong3
炱,tai2
炳,bing3
炷,zhu4
炸,zha2
炸,zha4
为,wei2
为,wei4
炻,shi2
烀,hu1
烈,lie4
烊,yang2
乌,wu1
乌,wu1
烕,mie4
灾,zai1
烘,hong1
烙,lao4
烙,luo4
烜,xuan3
烝,zheng1
烤,kao3
烯,xi1
炯,jiong3
烃,ting1
烷,wan2
烹,peng1
烽,feng1
焉,yan1
焊,han4
焌,jun4
焌,qu1
焐,wu4
焓,han2
焗,ju2
焙,bei4
焚,fen2
无,wu2
焢,hong1
焢,kong4
焦,jiao1
焦,jiao1
焯,chao1
焰,yan4
焱,yan4
然,ran2
煅,duan4
煆,xia1
煆,ya1
炼,lian4
煊,xuan1
煌,huang2
煎,jian1
煮,zhu3
炜,wei3
暖,nuan3
暖,nuan3
烟,yan1
煜,yu4
煞,sha1
煞,sha4
茕,qiong2
煤,mei2
焕,huan4
煦,xu4
照,zhao4
煨,wei1
烦,fan2
炀,yang2
煮,zhu3
煲,bao1
煳,hu2
煸,bian1
煺,tui4
煽,shan1
熄,xi1
熙,xi1
熊,xiong2
熊,xiong2
熏,xun1
荧,ying2
熔,rong2
炝,qiang4
熘,liu1
熙,xi1
熜,cong1
熜,zong3
熟,shu2
熠,yi4
熨,yu4
熨,yun4
熬,ao1
熬,ao2
热,re4
熳,man4
熵,shang1
熹,xi1
炽,chi4
烨,ye4
燃,ran2
焰,yan4
灯,deng1
炖,dun4
燎,liao2
燎,liao3
磷,lin2
烧,shao1
燔,fan2
燕,yan1
燕,yan4
烫,tang4
焖,men4
营,ying2
燠,yu4
燥,zao4
灿,can4
燧,sui4
毁,hui3
烛,zhu2
燮,xie4
燮,xie4
烩,hui4
燹,xian3
熏,xun1
烬,jin4
焘,dao4
焘,tao1
爆,bao4
爇,re4
爇,ruo4
爌,huang3
爌,kong4
爌,kuang3
爌,kuang4
烁,shuo4
炉,lu2
燮,xie4
烨,ye4
烂,lan4
爝,jue2
爨,cuan4
爨,cuan4
爪,zhao3
爪,zhua3
爫,zhao3
爬,pa2
争,zheng1
爯,chen4
爯,cheng1
爰,yuan2
爰,yuan2
为,wei2
为,wei4
爵,jue2
父,fu4
爸,ba4
爹,die1
爷,ye2
爻,yao2
爽,shuang3
尔,er3
丬,qiang2
爿,pan2
床,chuang2
墙,qiang2
片,pian1
片,pian4
版,ban3
笺,jian1
牌,pai2
窗,chuang1
闸,zha2
牒,die2
榜,bang3
窗,chuang1
牖,you3
牍,du2
牙,ya2
牚,cheng1
牛,niu2
牛,niu2
牝,pin4
牟,mou2
牟,mu4
牟,mou2
它,ta1
牡,mu3
牢,lao2
牧,mu4
牧,mu4
物,wu4
牮,jian4
牯,gu3
牲,sheng1
牴,di3
牸,zi4
特,te4
牵,qian1
牾,wu3
牿,gu4
犀,xi1
犁,li2
犂,li2
犄,ji1
奔,ben1
奔,ben4
犋,ju4
犍,jian1
犎,feng1
犏,pian1
犒,kao4
荦,luo4
犟,jiang4
犊,du2
牺,xi1
犪,kui2
犬,quan3
犭,quan3
犮,ba2
犮,quan3
犯,fan4
犰,qiu2
犴,an4
状,zhuang4
狁,yun3
狂,kuang2
狃,niu3
狄,di2
狄,di2
狉,pi1
狍,pao2
狎,xia2
狐,hu2
狒,fei4
狗,gou3
狙,ju1
狠,hen3
狡,jiao3
徇,xun4
狨,rong2
狩,shou4
狳,yu2
狴,bi4
狷,juan4
狸,li2
狭,xia2
狺,yin2
狻,suan1
狼,lang2
狈,bei4
猁,li4
悍,han4
猇,xiao1
猊,ni2
猋,biao1
猓,guo3
猖,chang1
猗,yi1
狰,zheng1
猛,meng3
猜,cai1
猝,cu4
猞,she1
猢,hu2
猥,wei3
猿,yuan2
猩,xing1
猱,nao2
猲,he4
猲,xie1
猳,jia1
猴,hou2
猵,bian1
猵,pian4
犹,you2
猷,you2
猸,mei2
猹,cha2
狲,sun1
猾,hua2
猿,yuan2
犸,ma3
狱,yu4
狮,shi1
嗥,hao2
獍,jing4
奖,jiang3
獐,zhang1
獒,ao2
獗,jue2
毙,bi4
獠,liao2
狷,juan4
独,du2
狯,kuai4
猃,xian3
獬,xie4
獯,xun1
狞,ning2
获,huo4
猎,lie4
犷,guang3
兽,shou4
獭,ta3
献,xian4
猕,mi2
獾,huan1
猡,luo2
玃,jue2
玄,xuan2
妙,miao4
率,lv4
率,shuai4
玉,yu4
王,wang2
王,wang2
王,wang4
玎,ding1
玓,di4
玖,jiu3
玗,yu2
玟,min2
玟,wen2
玡,ya2
玢,bin1
玢,fen1
珏,jue2
玩,wan2
玫,mei2
玲,ling2
玳,dai4
玷,dian4
玻,bo1
珀,po4
珂,ke1
珈,jia1
珉,min2
珊,shan1
珍,zhen1
珍,zhen1
珙,gong3
珞,luo4
珠,zhu1
珥,er3
珧,yao2
珩,heng2
班,ban1
班,ban1
佩,pei4
现,xian4
球,qiu2
琅,lang2
理,li3
琉,liu2
琊,ya2
璃,li2
琚,ju1
琛,chen1
琢,zhuo2
琢,zuo2
琥,hu3
琦,qi2
琨,kun1
琪,qi2
琬,wan3
琮,cong2
琮,cong2
琰,yan3
琳,lin2
琴,qin2
琵,pi2
琶,pa2
琴,qin2
珐,fa4
珲,hun2
瑁,mao4
瑄,xuan1
玳,dai4
玮,wei3
瑕,xia2
瑗,yuan4
瑙,nao3
瑚,hu2
瑛,ying1
瑜,yu2
瑞,rui4
瑟,se4
琉,liu2
琐,suo3
瑶,yao2
瑶,yao2
莹,ying2
玛,ma3
瑭,tang2
琅,lang2
琅,lang2
瑰,gui1
瑱,tian4
瑱,zhen4
瑾,jin3
璀,cui3
璁,cong1
璃,li2
璇,xuan2
琏,lian3
璋,zhang1
璐,lu4
璚,jue2
璚,qiong2
璜,huang2
璞,pu2
琉,liu2
玑,ji1
瑷,ai4
璧,bi4
璨,can4
璩,qu2
璩,qu2
环,huan2
环,huan2
璺,wen4
玺,xi3
璇,xuan2
璃,li2
琼,qiong2
瑰,gui1
珑,long2
璎,ying1
瓒,zan4
瓜,gua1
瓞,die2
瓠,hu4
瓢,piao2
瓣,ban4
瓤,rang2
瓦,wa3
瓮,weng4
瓴,ling2
瓶,ping2
瓷,ci2
瓿,bu4
甄,zhen1
甄,zhen1
瓯,ou1
瓯,ou1
甍,meng2
砖,zhuan1
甏,beng4
甑,zeng4
甓,pi4
瓮,weng4
瓮,weng4
罂,ying1
甘,gan1
甘,gan1
甙,dai4
甚,shen2
甚,shen4
甜,tian2
尝,chang2
生,sheng1
产,chan3
産,chan3
甥,sheng1
苏,su1
用,yong4
甩,shuai3
甪,lu4
甫,fu3
甬,yong3
甬,tong3
甬,yong3
甭,beng2
甭,beng4
宁,ning2
田,tian2
田,tian2
由,you2
甲,jia3
申,shen1
申,shen1
甴,zha2
男,nan2
甸,dian4
甸,dian4
甹,ping1
町,ding1
町,ting3
甾,zai1
畀,bi4
亩,mu3
亩,mu3
畈,fan4
耕,geng1
畋,tian2
界,jie4
畎,quan3
畏,wei4
畑,tian2
畔,pan4
留,liu2
畚,ben3
畛,zhen3
畜,chu4
畜,xu4
亩,mu3
畟,ce4
毕,bi4
毕,bi4
略,lve4
畦,qi2
略,lve4
番,pan1
番,fan1
画,hua4
畲,she1
畲,yu2
亩,mu3
异,yi4
留,liu2
当,dang1
当,dang4
畸,ji1
畹,wan3
畺,jiang1
畾,lei2
畿,ji1
疃,tuan3
疆,jiang1
畴,chou2
叠,die2
叠,die2
匹,pi3
疋,shu1
疋,ya3
疏,shu1
疏,shu1
疏,shu1
疐,zhi4
疑,yi2
疒,ne4
疔,ding1
肛,gang1
疙,ge1
疚,jiu4
疝,shan4
疣,you2
疤,ba1
疥,jie4
疫,yi4
疲,pi2
疳,gan1
疵,ci1
疸,da
疸,dan3
疹,zhen3
疼,teng2
疽,ju1
疾,ji2
痱,fei4
痂,jia1
痄,zha4
病,bing4
症,zheng4
痊,quan2
痍,yi2
蛔,hui2
痒,yang3
痔,zhi4
痕,hen2
痘,dou4
痉,jing4
痛,tong4
痞,pi3
痢,li4
痣,zhi4
痤,cuo2
痦,wu4
痧,sha1
痰,tan2
痱,fei4
痲,ma2
痴,chi1
痹,bi4
痼,gu4
疴,ke1
痿,wei3
瘀,yu1
瘁,cui4
痖,ya3
瘃,zhu2
瘊,hou2
疯,feng1
瘌,la4
疡,yang2
瘐,yu3
痪,huan4
瘕,jia3
瘙,sao4
瘛,chi4
瘜,xi1
瘗,yi4
瘟,wen1
瘠,ji2
疮,chuang1
瘢,ban1
瘤,liu2
瘥,chai4
瘥,cuo2
瘦,shou4
疟,nve4
疟,yao4
瘩,da2
瘭,biao1
瘰,luo3
疭,zong4
瘳,chou1
瘴,zhang4
瘵,zhai4
瘸,que2
瘘,lou4
瘼,mo4
癀,huang2
疗,liao2
癃,long2
憔,qiao2
瘤,liu2
痨,lao2
痫,xian2
废,fei4
瘅,dan1
瘅,dan4
癌,ai2
癍,ban1
愈,yu4
癔,yi4
癖,pi3
疠,li4
癜,dian4
瘪,bie3
痴,chi1
痒,yang3
疖,jie1
症,zheng1
疬,li4
癞,lai4
癣,xuan3
瘿,ying3
瘾,yin3
癯,qu2
痈,yong1
瘫,tan1
癫,dian1
癶,bo1
癸,gui3
登,deng1
发,fa1
白,bai2
白,bai2
百,bai3
百,bai3
皂,zao4
皃,mao4
的,de
的,di1
的,di2
的,di4
皆,jie1
皇,huang2
皇,huang2
皈,gui1
皋,gao1
皎,jiao3
皋,gao1
皒,e2
皓,hao4
皕,bi4
皖,wan3
晰,xi1
皑,ai2
皓,hao4
皤,po2
皦,jiao3
皦,jiao3
皮,pi2
皮,pi2
疱,pao4
皴,cun1
鼓,gu3
皲,jun1
皱,zhou4
皻,cu3
皻,zha1
皿,min3
盂,yu2
杯,bei1
盅,zhong1
盆,pen2
盍,he2
盈,ying2
益,yi4
益,yi4
碗,wan3
盍,he2
盎,ang4
盒,he2
盔,kui1
盛,sheng4
盛,cheng2
盛,sheng4
盗,dao4
盏,zhan3
盟,meng2
尽,jin4
监,jian1
监,jian4
盘,pan2
盥,guan4
卢,lu2
卢,lu2
荡,dang4
荡,tang4
目,mu4
盯,ding1
盱,xu1
盱,xu1
盲,mang2
直,zhi2
直,zhi2
相,xiang1
相,xiang1
相,xiang4
盹,dun3
盼,pan4
盾,dun4
省,sheng3
省,xing3
眄,mian3
眄,mian4
眇,miao3
眈,dan1
眉,mei2
看,kan1
看,kan4
県,xian4
视,shi4
眙,yi2
眚,sheng3
真,zhen1
眠,mian2
视,shi4
眢,yuan1
眦,zi4
眦,zi4
眨,zha3
眩,xuan4
眭,sui1
眭,sui1
眯,mi2
眳,ming2
眵,chi1
眶,kuang4
眷,juan4
眸,mou2
眺,tiao4
眼,yan3
眽,mo4
众,zhong4
众,zhong4
睃,suo1
睇,di4
困,kun4
睘,qiong2
睚,ya2
睛,jing1
睁,zheng1
睐,lai4
眷,juan4
睡,shui4
睢,sui1
睢,sui1
督,du1
睥,pi4
睦,mu4
睨,ni4
睪,yi4
睫,jie2
睬,cai3
睹,du3
睽,kui2
睾,gao1
睿,rui4
瞀,mao4
瞄,miao2
瞅,chou3
眯,mi1
瞈,weng3
瞋,chen1
瞌,ke1
瞍,sou3
瞎,xia1
瞑,ming2
瞓,fen4
翳,yi4
眍,kou1
瞒,man2
瞟,piao3
瞠,cheng1
瞢,meng2
瞥,pie1
瞧,qiao2
瞪,deng4
瞬,shun4
了,liao3
了,liao4
瞭,liao4
瞰,kan4
瞳,tong2
瞵,lin2
瞻,zhan1
睑,jian3
瞽,gu3
瞿,qu2
瞿,qu2
瞅,chou3
蒙,meng1
蒙,meng2
矍,jue2
矍,jue2
眬,long2
矗,chu4
瞰,kan4
瞩,zhu3
矛,mao2
矜,jin1
矞,yu4
矢,shi3
矣,yi3
知,zhi1
矦,hou2
矧,shen3
矩,ju3
矬,cuo2
短,duan3
矮,ai3
矫,jiao3
矫,jiao2
矫,jiao3
石,shi2
石,dan4
石,shi2
碇,ding4
矸,gan1
矻,ku1
矽,xi1
砂,sha1
砉,hua1
砉,xu1
砌,qi4
砌,qie4
砍,kan3
砑,ya4
砒,pi1
研,yan2
砘,dun4
砝,fa3
砟,zha3
砣,tuo2
砥,di3
寨,zhai4
砧,zhen1
砩,fei4
砩,fu2
砬,la2
砭,bian1
砰,peng1
炮,pao4
破,po4
砷,shen1
砸,za2
砹,ai4
砼,tong2
朱,zhu1
硅,gui1
硇,nao2
硌,ge4
硎,xing2
硐,dong4
硐,tong2
硒,xi1
硝,xiao1
硖,xia2
砗,che1
硪,wo4
硫,liu2
硬,ying4
硭,mang2
确,que4
砚,yan4
硼,peng2
棋,qi2
碇,ding4
碉,diao1
碌,liu4
碌,lu4
碎,sui4
碑,bei1
碓,dui4
碗,wan3
碘,dian3
碚,bei4
碟,die2
碡,zhou2
碣,jie2
碥,bian3
碧,bi4
硕,shuo4
砧,zhen1
砀,dang4
碰,peng4
碲,di4
碳,tan4
碴,cha2
砜,feng1
确,que4
码,ma3
碾,nian3
磁,ci2
磅,bang4
磅,pang2
磉,sang3
磊,lei3
磋,cuo1
磐,pan2
硙,ai2
硙,wei2
硙,wei4
磔,zhe2
磕,ke1
磕,ke4
磙,gun3
砖,zhuan1
碌,liu4
碜,chen3
碛,qi4
磨,mo2
磨,mo4
磬,qing4
矶,ji1
磲,qu2
磴,deng4
磷,lin2
磺,huang2
硗,qiao1
礁,jiao1
礅,dun1
硷,jian3
础,chu3
礓,jiang1
碍,ai4
礞,meng2
礴,bo2
礤,ca3
矿,kuang4
砺,li4
砾,li4
矾,fan2
砻,long2
示,shi4
社,she4
祀,si4
祁,qi2
祁,qi2
祆,xian1
只,zhi3
祇,qi2
祈,qi2
祉,zhi3
祓,fu2
秘,mi4
祖,zu3
祖,zu3
祗,zhi1
祘,suan4
祚,zuo4
祛,qu1
祜,hu4
祝,zhu4
祝,zhu4
神,shen2
神,shen2
祟,sui4
祠,ci2
祢,ni3
祥,xiang2
祧,tiao1
票,piao4
祭,zhai4
祭,ji4
祺,qi2
禄,lu4
禁,jin1
禁,jin4
禊,xi4
祸,huo4
祯,zhen1
福,fu2
福,fu2
祎,yi1
禚,zhuo2
禛,zhen1
御,yu4
禧,xi3
祀,si4
禅,chan2
禅,shan4
礼,li3
礼,li3
祢,mi2
祢,mi2
祷,dao3
禳,rang2
禸,rou2
禹,yu3
禺,ou3
禺,yu2
离,chi1
禽,qin2
禾,he2
秃,tu1
秀,xiu4
私,si1
秉,bing3
秉,bing3
年,nian2
秋,qiu1
秋,qiu1
秋,qiu1
科,ke1
秒,miao3
粳,jing1
秕,bi3
只,zhi1
秘,bi4
秘,mi4
租,zu1
秣,mo4
秤,cheng1
秤,cheng4
秦,qin2
秧,yang1
秩,zhi4
秫,shu2
秭,zi3
秸,jie1
移,yi2
稀,xi1
稂,lang2
稃,fu1
税,shui4
稆,lv3
秆,gan3
粳,jing1
程,cheng2
程,cheng2
稍,shao1
稍,shao4
稔,ren3
稗,bai4
稙,zhi2
稚,zhi4
棱,leng2
棱,ling2
稞,ke1
禀,bing3
稠,chou2
稨,bian3
糯,nuo4
秸,jie1
种,zhong3
种,zhong4
称,chen4
称,cheng1
称,cheng4
稷,ji4
稹,zhen3
稚,zhi4
稻,dao4
稼,jia4
稽,ji1
稽,ji1
稽,qi3
稿,gao3
稿,gao3
谷,gu3
糠,kang1
穆,mu4
穆,mu4
稚,zhi4
稣,su1
积,ji1
颖,ying3
穗,sui4
穗,sui4
穑,se4
秽,hui4
糯,nuo4
颓,tui2
稳,wen3
获,huo4
穰,rang2
穰,rang2
穴,xue2
穵,wa1
究,jiu1
穸,xi1
穹,qiong2
空,kong1
空,kong4
阱,jing3
穿,chuan1
窀,zhun1
突,tu1
窄,zhai3
窅,yao3
窆,bian3
窈,yao3
窒,zhi4
窗,chuang1
窕,tiao3
窖,jiao4
窗,chuang1
窘,jiong3
窟,ku1
窠,ke1
窣,su1
窨,xun1
窨,yin4
窝,wo1
洼,wa1
窬,yu2
穷,qiong2
窑,yao2
窑,yao2
窳,yu3
窭,ju4
窸,xi1
窥,kui1
窗,chuang1
窾,cuan4
窾,kuan3
窿,long2
窜,cuan4
窍,qiao4
窦,dou4
窦,dou4
灶,zao4
窃,qie4
立,li4
立,li4
站,zhan4
伫,zhu4
并,bing4
竟,jing4
章,zhang1
章,zhang1
俟,si4
竣,jun4
童,tong2
童,tong2
竦,song3
竖,shu4
竭,jie2
端,duan1
竞,jing4
竹,zhu2
竺,zhu2
竺,du3
竽,yu2
竿,gan1
笄,ji1
笆,ba1
笈,ji2
笊,zhao4
笏,hu4
笑,xiao4
笙,sheng1
笛,di2
笞,chi1
笠,li4
笤,tiao2
笥,si4
符,fu2
符,fu2
笨,ben4
笪,da2
笪,da2
笫,zi3
第,di4
笮,ze2
笱,gou3
笳,jia1
笸,po3
筀,gui4
筅,xian3
笔,bi3
筇,qiong2
等,deng3
筊,jiao3
筊,jiao4
筋,jin1
筌,quan2
笋,sun3
筏,fa2
筐,kuang1
筑,zhu4
筑,zhu4
筒,tong3
答,da1
答,da2
筕,hang2
策,ce4
策,ce4
筘,kou4
策,ce4
筠,yun2
筢,pa2
筦,guan3
管,guan3
笕,jian3
筒,tong3
筮,shi4
箸,zhu4
筱,xiao3
筲,shao1
策,ce4
筵,yan2
筷,kuai4
箅,bi4
个,ge4
笺,jian1
箍,gu1
筝,zheng1
箐,qing4
帚,zhou3
箔,bo2
箕,ji1
算,suan4
箜,kong1
箝,qian2
棰,chui2
管,guan3
管,guan3
箢,yuan1
箬,ruo4
箭,jian4
箱,xiang1
箴,zhen1
箸,zhu4
节,jie1
节,jie2
篁,huang2
范,fan4
篆,zhuan4
篇,pian1
筑,zhu4
箧,qie4
篌,hou2
筼,yun2
篙,gao1
篚,fei3
篝,gou1
篡,cuan4
笃,du3
篥,li4
篦,bi4
筛,shai1
篪,chi2
筚,bi4
篷,peng2
篹,suan3
篹,zhuan4
纂,zuan3
篼,dou1
篾,mie4
箦,ze2
簇,cu4
簉,zao4
簋,gui3
簌,su4
篓,lou3
簏,lu4
蓑,suo1
篡,cuan4
箪,dan1
簟,dian4
简,jian3
篑,kui4
簦,deng1
簧,huang2
簪,zan1
箫,xiao1
簪,zan1
檐,yan2
簸,bo3
簸,bo4
筜,dang1
签,qian1
帘,lian2
簿,bu4
籀,zhou4
籀,zhou4
篮,lan2
筹,chou2
籍,ji2
籍,ji2
藤,teng2
籑,zhuan4
馔,zhuan4
签,qian1
箓,lu4
箨,tuo4
籁,lai4
笼,long2
笼,long3
奁,lian2
签,qian1
笾,bian1
簖,duan4
篱,li2
箩,luo2
吁,yu4
米,mi3
米,mi3
籼,xian1
籽,zi3
秕,bi3
糠,kang1
粉,fen3
粑,ba1
粒,li4
粕,po4
粗,cu1
粘,nian2
粘,zhan1
粞,xi1
粟,su4
粟,su4
粢,zi1
粥,yu4
粥,zhou1
磷,lin2
妆,zhuang1
粱,liang2
粲,can4
粳,jing1
粤,yue4
粹,cui4
稗,bai4
粼,lin2
粽,zong4
精,jing1
糅,rou2
糈,xu3
粽,zong4
糊,hu2
糊,hu4
糌,zan1
糍,ci2
糕,gao1
糖,tang2
糗,qiu3
糗,qiu3
糙,cao1
糜,mi2
糜,mei2
糜,mi2
糁,san3
粪,fen4
糟,zao1
糠,kang1
糢,mo2
粮,liang2
糨,jiang4
糬,shu3
糯,nuo4
团,tuan2
粝,li4
籴,di2
粜,tiao4
糸,mi4
纟,si1
纠,jiu1
系,xi4
纠,jiu1
纪,ji3
纪,ji4
纣,zhou4
纣,zhou4
约,yao1
约,yue1
红,hong2
红,hong2
纡,yu1
纡,yu1
纥,ge1
纥,he2
纨,wan2
纫,ren4
紊,wen3
纹,wen2
纳,na4
纳,na4
纽,niu3
纾,shu1
纯,chun2
纰,pi1
纱,sha1
纸,zhi3
级,ji2
纷,fen1
纭,yun2
纴,ren4
素,su4
纺,fang3
索,suo3
索,suo3
扎,za1
扎,zha1
紫,zi3
扎,za1
扎,zha1
累,lei3
累,lei4
细,xi4
绂,fu2
绁,xie4
绅,shen1
绍,shao4
绍,shao4
绀,gan4
绋,fu2
绐,dai4
绌,chu4
终,zhong1
组,zu3
组,zu3
绊,ban4
绗,hang2
绁,xie4
结,jie1
结,jie2
絓,gua4
絓,kua1
绝,jue2
絘,ci4
绦,di2
绦,tao1
絜,jie2
絜,xie2
绔,ku4
绞,jiao3
络,lao4
络,luo4
绚,xuan4
给,gei3
给,ji3
绒,rong2
絮,xu4
统,tong3
丝,si1
绛,jiang4
绛,jiang4
绝,jue2
绢,juan4
絻,mian3
絻,wen4
绑,bang3
绡,xiao1
绠,geng3
绨,ti2
绣,xiu4
绥,sui2
捆,kun3
经,jing1
经,jing1
综,zeng4
综,zong1
绿,lv4
绸,chou2
绻,quan3
綦,qi2
线,xian4
绶,shou4
维,wei2
维,wei2
綮,qi3
绾,wan3
纲,gang1
网,wang3
绷,beng1
缀,chuo4
缀,zhui4
綷,cui4
纶,lun2
绺,liu3
绮,qi3
绽,zhan4
绰,chao1
绰,chuo4
绫,ling2
绵,mian2
绲,gun3
缁,zi1
紧,jin3
绯,fei1
繁,fan2
绪,xu4
绱,shang4
缃,xiang1
缄,jian1
缂,ke4
线,xian4
绵,mian2
缉,ji1
缉,qi1
缎,duan4
缔,di4
缗,min2
缘,yuan2
褓,bao3
缌,si1
编,bian1
缓,huan3
缅,mian3
缅,mian3
纬,wei3
缑,gou1
缑,gou1
缈,miao3
练,lian4
缏,bian4
缇,ti2
致,zhi4
萦,ying2
缙,jin4
缢,yi4
缒,zhui4
绉,zhou4
缣,jian1
缊,yun1
缊,yun4
缚,fu4
缜,zhen3
缟,gao3
缛,ru4
县,xian4
绦,tao1
縩,cai4
缝,feng2
缝,feng4
缡,li2
缩,suo1
纵,zong4
缧,lei2
纤,qian4
缦,man4
絷,zhi2
缕,lv3
缥,piao1
缥,piao3
縻,mi2
总,zong3
绩,ji4
繁,fan2
绷,beng1
绷,beng3
缫,sao1
缪,miao4
缪,liao3
缪,miao4
缪,miu4
缪,mou2
缪,mu4
繇,yao2
繇,you2
繇,zhou4
缯,zeng1
缯,zeng1
缯,zeng4
织,zhi1
缮,shan4
伞,san3
缭,liao2
绕,rao4
绣,xiu4
缋,hui4
襁,qiang3
绳,sheng2
绘,hui4
系,ji4
系,xi4
茧,jian3
缰,jiang1
缳,huan2
缲,qiao1
缲,sao1
缴,jiao3
绎,yi4
继,ji4
缤,bin1
缱,qian3
纂,zuan3
缬,xie2
纩,kuang4
续,xu4
累,lei2
累,lei2
缠,chan2
缨,ying1
才,cai2
纤,xian1
缵,zuan3
纛,dao4
缆,lan3
缶,fou3
缸,gang1
缺,que1
钵,bo1
瓶,ping2
罄,qing4
罅,xia4
樽,zun1
坛,tan2
瓮,weng4
罂,ying1
罐,guan4
罒,wang3
罓,wang3
罔,wang3
罕,han3
罘,fu2
罟,gu3
罡,gang1
罨,yan3
罩,zhao4
罪,zui4
置,zhi4
罚,fa2
罱,lan3
署,shu3
骂,ma4
罢,ba4
罢,ba
罚,fa2
罹,li2
罾,zeng1
罗,luo2
罗,luo2
罴,pi2
羁,ji1
羊,yang2
羊,yang2
芈,mi3
芈,mi3
羌,qiang1
羌,qiang1
羍,da2
美,mei3
美,mei3
羔,gao1
羌,qiang1
羚,ling2
羝,di1
羞,xiu1
群,qun2
群,qun2
羟,qiang3
羧,suo1
羡,xian4
义,yi4
义,yi4
羯,jie2
羯,jie2
羰,tang1
羲,xi1
膻,shan1
羸,lei2
羹,geng1
羼,chan4
羽,yu3
羿,yi4
翁,weng1
翁,weng1
翅,chi4
翅,chi4
翊,yi4
翌,yi4
翎,ling2
翏,liu4
习,xi2
习,xi2
翔,xiang2
翕,xi1
翟,di2
翟,zhai2
翟,di2
翠,cui4
翡,fei3
翥,zhu4
翦,jian3
翦,jian3
翩,pian1
玩,wan2
翮,he2
翰,han4
翰,han4
翱,ao2
翳,yi4
翘,qiao2
翘,qiao4
翱,ao2
翻,fan1
翼,yi4
翼,yi4
耀,yao4
老,lao3
考,kao3
耄,mao4
者,zhe3
耆,qi2
耋,die2
而,er2
耍,shua3
耍,shua3
耐,nai4
专,zhuan1
端,duan1
耒,lei3
耔,zi3
耕,geng1
耖,chao4
耗,hao4
耘,yun2
耙,ba4
耙,pa2
耜,si4
耠,huo1
耤,ji2
耦,ou3
耨,nou4
耩,jiang3
耪,pang3
耧,lou2
耢,lao4
耱,mo4
耳,er3
耵,ding1
耶,ye1
耶,ye2
耶,ye
耷,da1
耽,dan1
耿,geng3
耿,geng3
聃,dan1
聆,ling2
聊,liao2
聒,guo1
圣,sheng4
聘,pin4
聚,ju4
闻,wen2
闻,wen2
联,lian2
聪,cong1
聱,ao2
声,sheng1
耸,song3
聩,kui4
聂,nie4
聂,nie4
职,zhi2
聍,ning2
听,ting1
聋,long2
聿,yu4
肄,yi4
肃,su4
肃,su4
肆,si4
肇,zhao4
肇,zhao4
肉,rou4
肋,lei4
肌,ji1
肯,ken3
胳,ge1
肓,huang1
肖,xiao1
肖,xiao4
肘,zhou3
肙,yuan1
肚,du3
肚,du4
肛,gang1
肜,rong2
肝,gan1
肟,wo4
股,gu3
肢,zhi1
肥,fei2
胚,pei1
肩,jian1
肪,fang2
肫,zhun1
肭,na4
肯,ken3
肰,ran2
肱,gong1
育,yu4
肴,yao2
肺,fei4
肼,jing3
肽,tai4
胂,shen4
胃,wei4
胄,zhou4
背,bei1
背,bei4
胍,gua1
胎,tai1
胖,pan2
胖,pang4
胗,zhen1
胙,zuo4
胚,pei1
胛,jia3
胝,zhi1
胞,bao1
胠,qu1
胡,hu2
胡,hu2
胤,yin4
胥,xu1
胥,xu1
胩,ka3
胬,nu3
胭,yan1
胯,kua4
胰,yi2
胱,guang1
胲,hai3
胳,ge1
胴,dong4
胸,xiong1
胸,xiong1
胺,an4
胼,pian2
能,neng2
能,neng2
脂,zhi1
脆,cui4
胁,xie2
脆,cui4
胁,xie2
脉,mai4
脉,mo4
脊,ji3
脒,mi3
脖,bo2
吻,wen3
脘,wan3
胫,jing4
脞,cuo3
脢,mei2
唇,chun2
修,xiu1
脩,xiu1
脱,tuo1
脬,pao1
脯,fu3
脯,pu2
脲,niao4
脷,li4
胀,zhang4
脾,pi2
腆,tian3
腈,jing1
腊,xi1
腋,ye4
腌,yan1
肾,shen4
腐,fu3
腑,fu3
腓,fei2
腔,qiang1
腕,wan4
胨,dong4
腙,zong1
腚,ding4
腠,cou4
脶,luo2
腥,xing1
脑,nao3
腧,shu4
腩,nan3
肿,zhong3
腮,sai1
腰,yao1
腱,jian4
脚,jiao3
脚,jue2
腴,yu2
肠,chang2
腹,fu4
腺,xian4
腿,tui3
膀,bang3
膀,bang4
膀,pang1
膀,pang2
肷,qian3
膂,lv3
腽,wa4
膈,ge2
膈,ge4
膊,bo2
膏,gao1
膏,gao4
肠,chang2
膘,biao1
肤,fu1
膛,tang2
膜,mo2
膝,xi1
胶,jiao1
膣,zhi4
膦,lin4
膨,peng2
腻,ni4
膪,chuai4
膫,liao2
膫,liao2
膲,jiao1
膳,shan4
膺,ying1
膻,shan1
胆,dan3
脍,kuai4
脓,nong2
臀,tun2
臁,lian2
臂,bi4
臃,yong1
臆,yi4
腊,la4
脸,lian3
臊,sao1
臊,sao4
臀,tun2
臌,gu3
脐,qi2
膑,bin4
膘,biao1
腊,la4
胭,yan1
胪,lu2
裸,luo3
脏,zang4
脔,luan2
臜,za1
臣,chen2
臣,chen2
卧,wo4
臧,zang1
臧,zang1
臧,zang4
临,lin2
自,zi4
臬,nie4
臭,chou4
臭,xiu4
皋,gao1
臲,nie4
至,zhi4
致,zhi4
台,tai2
台,tai2
臻,zhen1
臼,jiu4
臽,xian4
臾,yu2
臾,yu2
臿,cha1
舀,yao3
舁,yu2
舂,chong1
舄,xi4
舅,jiu4
与,yu2
与,yu3
与,yu4
兴,xing1
兴,xing1
兴,xing4
举,ju3
旧,jiu4
舋,xin4
舌,ji1
舌,she2
舍,she4
舍,she3
舍,she4
舐,shi4
舒,shu1
舒,shu1
舔,tian3
铺,pu4
馆,guan3
舛,chuan3
舜,shun4
舞,wu3
舟,zhou1
舡,gang1
舢,shan1
舨,ban3
船,chuan2
航,hang2
舫,fang3
般,ban1
般,bo1
般,pan2
舭,bi3
舲,ling2
舳,zhu2
舴,ze2
舵,duo4
舶,bo2
舷,xian2
舸,ge3
船,chuan2
舾,xi1
艄,shao1
艅,yu2
艇,ting3
艉,wei3
艋,meng3
艎,huang2
艏,shou3
艘,sou1
舱,cang1
艚,cao2
艟,chong1
樯,qiang2
橹,lu3
舣,yi3
舰,jian4
艨,meng2
橹,lu3
舻,lu2
艮,gen3
艮,gen4
良,liang2
艰,jian1
色,se4
色,shai3
艴,fu2
艳,yan4
艳,yan4
草,cao3
艹,cao3
艻,le4
艽,jiao1
艾,ai4
艾,ai4
艾,yi4
艿,nai3
芄,wan2
芊,qian1
芋,yu4
芍,que4
芍,shao2
芎,xiong1
芏,du4
芑,qi3
芒,mang2
芘,pi2
芙,fu2
芝,zhi1
芟,shan1
芡,qian4
芤,kou1
芥,gai4
芥,jie4
芨,ji2
芩,qin2
芪,qi2
芫,yan2
芫,yuan2
芬,fen1
芭,ba1
芮,rui4
芮,rui4
芯,xin1
芯,xin4
芰,ji4
花,hua1
花,hua1
花,hua1
芳,fang1
芴,hu1
芴,wu4
芷,zhi3
芸,yi4
芸,yun2
芹,qin2
刍,chu2
芽,ya2
芾,fei4
芾,fu2
苄,bian4
苊,e4
苑,yuan4
苑,yuan4
苒,ran3
苓,ling2
苔,tai1
苔,tai2
苕,shao2
苕,tiao2
苗,miao2
苗,miao2
苘,qing3
苛,ke1
苜,mu4
苞,bao1
苟,gou3
苟,gou3
苠,min2
苡,yi3
苣,ju4
苣,qu3
苤,pie3
若,re3
若,ruo4
苦,ku3
苎,zhu4
苫,shan1
苯,ben3
英,ying1
英,ying1
苲,zha3
苴,ju1
苴,ju1
苷,gan1
苹,ping2
苻,fu2
茀,fu2
茁,zhuo2
茂,mao4
范,fan4
茄,jia1
茄,qie2
茅,mao2
茅,mao2
茆,mao2
茆,mao3
茇,ba2
茈,ci2
茈,zi3
茉,mo4
茌,chi2
茗,ming2
荔,li4
茚,yin4
茛,gen4
茜,qian4
茜,xi1
茨,ci2
茫,mang2
茬,cha2
茭,jiao1
茯,fu2
茱,zhu1
兹,zi1
茳,jiang1
茴,hui2
茵,yin1
茶,cha2
茸,rong2
茹,ru2
茹,ru2
茼,tong2
荀,xun2
荀,xun2
荃,quan2
荅,da1
荅,da2
荇,xing4
草,cao3
草,cao4
荆,jing1
荞,qiao2
荏,ren3
荑,ti2
荑,yi2
荒,huang1
荔,li4
豆,dou4
荷,he2
荷,he2
荷,he4
荸,bi2
荻,di2
荼,tu2
荽,sui1
莆,pu2
莉,li4
庄,zhuang1
庄,zhuang1
莎,sha1
莎,suo1
莒,ju3
莒,ju3
莓,mei2
茎,jing1
莘,shen1
莘,shen1
莘,xin1
莛,ting2
莜,you2
莞,guan1
莞,guan3
莞,wan3
莠,you3
荚,jia2
苋,xian4
莨,lang4
莩,fu2
莩,piao3
莪,e2
莫,mo4
莫,mo4
莰,kan3
莽,mang3
莿,ci4
菀,wan3
菀,yu4
菁,jing1
菅,jian1
菇,gu1
菊,ju2
菌,jun1
菌,jun4
菏,he2
菐,pu2
灾,zai1
果,guo3
菔,fu2
菖,chang1
菘,song1
菜,cai4
菝,ba2
菟,tu4
菠,bo1
菡,han4
菥,xi1
菩,pu2
菪,dang4
华,hua2
华,hua4
华,hua1
华,hua2
菰,gu1
菱,ling2
菲,fei1
菲,fei1
菲,fei3
庵,an1
烟,yan1
菸,yu1
菹,zu1
菽,shu1
萁,qi2
萃,cui4
萄,tao2
萆,bi4
苌,chang2
苌,chang2
莱,lai2
萋,qi1
萌,meng2
萍,ping2
萎,wei3
萏,dan4
萑,huan2
萘,nai4
萜,tie1
万,wan4
万,wan4
萱,xuan1
萱,xuan1
莴,wo1
萸,yu2
萼,e4
落,la4
落,lao4
落,luo4
葄,zuo4
葆,bao3
叶,ye4
叶,ye4
葑,feng1
荭,hong2
着,zhao1
着,zhao2
着,zhe
着,zhuo2
著,zhu4
葙,xiang1
葚,shen4
葛,ge3
葛,ge2
参,shen1
葡,pu2
葡,pu2
董,dong3
董,dong3
荮,zhou4
苇,wei3
葩,pa1
葫,hu2
葬,zang4
葭,jia1
药,yao4
葳,wei1
葵,kui2
葶,ting2
荤,hun1
荤,xun1
葸,xi3
葺,qi4
蒂,di4
蒎,pai4
蒐,sou1
莼,chun2
莳,shi2
莳,shi4
蒗,lang4
蒙,meng2
蒙,meng3
蒙,meng1
蒙,meng2
蒜,suan4
莅,li4
蒟,ju3
蒡,bang4
蒦,huo4
蒭,chu2
蒯,kuai3
蒲,pu2
蒲,pu2
蒴,shuo4
蒸,zheng1
蒹,jian1
蒺,ji2
蒻,ruo4
苍,cang1
苍,cang1
蒽,en1
蒿,hao1
荪,sun1
蓁,zhen1
蓂,ming2
蓄,xu4
席,xi2
蓉,rong2
蓉,rong2
蓊,weng3
盖,ge3
盖,gai4
蓍,shi1
蓐,ru4
蓑,suo1
蓓,bei4
蓔,yao3
蓔,zhuo2
蓖,bi4
参,shen1
蓬,peng2
蓬,peng2
莲,lian2
苁,cong1
蓰,xi3
莼,chun2
蓼,liao3
蓼,lu4
荜,bi4
蓿,xu4
菱,ling2
蔌,su4
蔌,su4
蔑,mie4
蔓,man2
蔓,man4
卜,bo2
蒂,di4
蔗,zhe4
蔚,yu4
蔚,wei4
蒌,lou2
蔟,cu4
蔡,cai4
蒋,jiang3
葱,cong1
茑,niao3
蔫,nian1
蔬,shu1
荫,yin4
麻,ma2
蔸,dou1
蔻,kou4
蔽,bi4
荨,qian2
蕃,bo1
蕃,fan1
蕃,fan2
蒇,chan3
蕈,xun4
蕉,jiao1
蕉,qiao2
蕊,rui3
蕊,rui3
荞,qiao2
蕑,jian1
蕑,jian1
荬,mai3
芸,yun2
莸,you2
蕖,qu2
荛,rao2
蕙,hui4
萼,e4
蕞,zui4
蕠,ru2
蒉,kui4
蒉,kui4
蕤,rui2
蕨,jue2
荡,dang4
芜,wu2
萧,xiao1
萧,xiao1
蓣,yu4
蕹,weng4
蕺,ji2
蕻,hong2
蕻,hong4
蕾,lei3
萱,xuan1
薄,bo2
薄,bao2
薄,bo2
薄,bo4
薅,hao1
薇,wei1
荟,hui4
蓟,ji4
蓟,ji4
芗,xiang1
薏,yi4
姜,jiang1
蔷,qiang2
剃,ti4
薛,xue1
薛,xue1
薜,bi4
莶,lian3
莶,xian1
薤,xie4
荐,jian4
薨,hong1
萨,sa4
薪,xin1
薯,shu3
熏,xun1
薰,xun1
薳,wei3
苧,ning2
薶,mai2
薶,wo1
薷,ru2
薹,tai2
荠,ji4
荠,qi2
藁,gao3
藇,xu4
藇,xu4
借,jie4
藉,ji2
藉,ji2
藉,jie4
蓝,lan2
蓝,lan2
荩,jin4
藏,zang4
藏,cang2
藏,zang4
藐,miao3
藒,qie4
藕,ou3
藘,lv2
藜,li2
艺,yi4
藤,teng2
药,yao4
藨,biao1
藩,fan1
薮,sou3
苈,li4
薯,shu3
蔼,ai3
蔺,lin4
蔺,lin4
藻,zao3
萱,xuan1
藿,huo4
蕊,rui3
蕲,qi2
蘅,heng2
芦,lu2
苏,su1
苏,su1
蕴,yun4
苹,ping2
萱,xuan1
蘑,mo2
苏,su1
蘘,rang2
藓,xian3
蔹,lian3
茏,long2
花,hua1
蘧,qu2
蘧,qu2
蘩,fan2
兰,lan2
兰,lan2
蘵,zhi2
蘸,zhan4
蓠,li2
蘼,mi2
萝,luo2
虍,hu1
虎,hu3
虐,nve4
虒,si1
虔,qian2
处,chu3
处,chu4
虖,hu1
虚,xu1
虏,lu3
虞,yu2
虞,yu2
号,hao2
号,hao4
虢,guo2
亏,kui1
虫,chong2
虬,qiu2
虰,ding1
虱,shi1
蛇,she2
虹,hong2
虺,hui1
虺,hui3
虻,meng2
虼,ge4
蚊,wen2
蚋,rui4
蚌,beng4
蚌,bang4
蚍,pi2
蚓,yin3
蚖,yuan2
蛔,hui2
蚜,ya2
蚣,gong1
蚤,zao3
蚧,jie4
蚨,fu2
蚩,chi1
蚩,chi1
蚪,dou3
蚯,qiu1
蚰,you2
蚱,zha4
蚴,you4
蚵,e2
蚶,han1
蚺,ran2
蛀,zhu4
蛄,gu1
蛆,qu1
蛇,she2
蛉,ling2
蛋,dan4
蛋,dan4
蛐,qu1
蛑,mou2
蛔,hui2
蛔,hui2
蛘,yang2
蛙,wa1
蛛,zhu1
蛜,yi1
蛞,kuo4
蛟,jiao1
蛤,ge2
蛤,ha2
蛩,qiong2
蛭,zhi4
蛵,xing2
蛸,shao1
蛸,xiao1
蛹,yong3
蛱,jia2
蜕,tui4
蛾,e2
蜀,shu3
蜂,feng1
蜃,shen4
蚬,xian3
蜇,zhe1
蜇,zhe2
蜈,wu2
蜉,fu2
蜊,li2
螂,lang2
蜍,chu2
蜎,yuan1
蜎,yuan1
蜒,yan2
蜓,ting2
蛔,hui2
蜘,zhi1
蜚,fei3
蜜,mi4
蜞,qi2
蜢,meng3
蜣,qiang1
蜥,xi1
蝶,die2
蜩,tiao2
蜮,yu4
蜱,pi2
蜴,yi4
蜷,quan2
霓,ni2
蜻,qing1
蜾,guo3
蜿,wan1
蝌,ke1
蝎,xie1
蝓,yu2
蚀,shi2
蝗,huang2
蝙,bian1
猬,wei4
蝠,fu2
蠕,ru2
蝣,you2
蝤,qiu2
蝥,mao2
虾,ha2
虾,xia1
虱,shi1
蝮,fu4
猿,yuan2
蝰,kui2
虻,meng2
蝴,hu2
蝶,die2
蜗,wo1
蝻,nan3
蝽,chun1
螂,lang2
螃,pang2
蛳,si1
螅,xi1
螈,yuan2
螉,weng1
螋,sou1
融,rong2
融,rong2
螓,qin2
螗,tang2
蚂,ma1
蚂,ma3
蚂,ma4
螟,ming2
蚊,wen2
萤,ying2
螫,shi4
螫,zhe1
螬,cao2
螭,chi1
螯,ao2
螳,tang2
螵,piao1
螺,luo2
蝼,lou2
螽,zhong1
蟀,shuai4
蚊,wen2
蛰,zhe2
蟆,ma2
蟆,ma2
蝈,guo1
蟊,mao2
蟋,xi1
螨,man3
蟑,zhang1
蟒,mang3
蟓,xiang4
蟛,peng2
蟜,jiao3
蟜,jiao3
蟟,liao2
蟠,pan2
蟢,xi3
虮,ji3
蟥,huang2
蟪,hui4
蝉,chan2
蟭,jiao1
蟮,shan4
蛲,nao2
虫,chong2
蛏,cheng1
蟹,xie4
蚁,yi3
蟾,chan2
蠃,luo3
蝇,ying2
虿,chai4
蠊,lian2
蝎,xie1
蟹,xie4
蛴,qi2
蝾,rong2
茧,jian3
蠓,meng3
蚝,hao2
蠕,ru2
蠖,huo4
蠛,mie4
蜡,la4
蠡,li2
蠡,li3
蠢,chun3
蛎,li4
蟏,xiao1
蜂,feng1
蠮,ye1
蛊,gu3
蠲,juan1
蠵,xi1
蚕,can2
蠹,du4
蛮,man2
蠼,qu2
血,xue4
衄,nv4
衄,nv4
众,zhong4
脉,mai4
蔑,mie4
行,hang2
行,xing2
衍,yan3
术,shu4
术,zhu2
同,tong4
弄,long4
衖,xiang4
街,jie1
衔,xian2
衙,ya2
衙,ya2
胡,hu2
卫,wei4
卫,wei4
冲,chong1
冲,chong4
衡,heng2
衢,qu2
衣,yi1
衣,yi4
衤,yi1
表,biao3
衩,cha3
衩,cha4
衫,shan1
衰,cui1
衰,shuai1
衲,na4
衷,zhong1
只,zhi3
衹,qi2
邪,xie2
衽,ren4
衾,qin1
衿,jin1
袁,yuan2
袁,yuan2
袂,mei4
袈,jia1
袋,dai4
袍,pao2
袒,tan3
袖,xiu4
衮,gun3
袟,zhi4
袟,zhi4
帙,zhi4
袢,pan4
袤,mao4
被,bei4
袮,ni3
袮,mi
袱,fu2
裤,ku4
衽,ren4
袷,jia2
袷,qia1
袼,ge1
裁,cai2
裂,lie4
裇,xu1
裉,ken4
袅,niao3
夹,jia2
裎,cheng2
裎,cheng3
里,li3
裒,pou2
裔,yi4
裕,yu4
裘,qiu2
裘,qiu2
裙,qun2
补,bu3
装,zhuang1
裟,sha1
裙,qun2
里,li3
裨,pi2
裨,bi4
裨,pi2
裰,duo1
裱,biao3
裳,chang2
裳,shang
裴,pei2
裴,pei2
裴,pei2
裸,luo3
裹,guo3
裼,ti4
裼,xi1
制,zhi4
裾,ju1
褂,gua4
复,fu4
褊,bian3
褐,he4
褒,bao1
褓,bao3
褙,bei4
褚,chu3
褚,zhu3
褟,ta1
褡,da1
褥,ru4
褪,tui4
褪,tun4
褫,chi3
袅,niao3
褰,qian1
褱,huai2
裤,ku4
裢,lian2
褵,li2
褶,xi2
褶,zhe3
褛,lv3
亵,xie4
襁,qiang3
褒,bao1
襄,xiang1
襄,xiang1
裥,jian3
裥,jian3
杂,za2
袯,bo2
袄,ao3
裣,lian3
襞,bi4
襟,jin1
裆,dang1
袒,tan3
襢,zhan4
褴,lan2
襦,ru2
袜,wa4
襫,shi4
衬,chen4
袭,xi2
襻,pan4
襾,ya4
西,xi1
西,xi1
要,yao1
要,yao4
覃,qin2
覃,tan2
覃,tan2
复,fu4
覆,fu4
霸,ba4
核,he2
羁,ji1
见,jian4
见,xian4
规,gui1
觅,mi4
觅,mi4
视,shi4
觇,chan1
觋,xi2
觎,yu2
睹,du3
亲,qin1
亲,qing4
觊,ji4
觏,gou4
觐,jin4
觑,qu4
觉,jiao4
觉,jue2
览,lan3
觌,di2
观,guan4
观,guan1
观,guan4
角,jue2
角,jiao3
角,jue2
粗,cu1
觖,jue2
觚,gu1
觜,zi1
觜,zui3
解,xie4
解,jie3
解,jie4
解,xie4
觥,gong1
觫,su4
觱,bi4
觳,hu2
觞,shang1
觯,zhi4
触,chu4
言,yan2
讠,yan2
订,ding4
讣,fu4
訇,hong1
訇,hong1
计,ji4
计,ji4
讯,xun4
讧,hong4
讨,tao3
讦,jie2
训,xun4
讪,shan4
讫,qi4
托,tuo1
记,ji4
讹,e2
讶,ya4
讼,song4
诀,jue2
讷,ne4
访,fang3
设,she4
许,xu3
许,xu3
诉,su4
诃,he1
诊,zhen3
注,zhu4
证,zheng4
訾,zi1
訾,zi1
訾,zi3
诂,gu3
诋,di3
詈,li4
讵,ju4
诈,zha4
诒,yi2
诏,zhao4
评,ping2
诎,qu1
诅,zu3
词,ci2
咏,yong3
诩,xu3
询,xun2
诣,yi4
试,shi4
察,cha2
诗,shi1
诗,shi1
诧,cha4
诟,gou4
诡,gui3
诠,quan2
诘,jie2
话,hua4
该,gai1
详,xiang2
诜,shen1
酬,chou2
詹,zhan1
詹,zhan1
诙,hui1
诖,gua4
诔,lei3
诛,zhu1
诓,kuang1
夸,kua1
志,zhi4
认,ren4
诳,kuang2
诶,ei1
诶,ei2
诶,ei3
诶,ei4
诶,xi1
誓,shi4
诞,dan4
悖,bei4
诱,you4
誙,keng1
诮,qiao4
语,yu3
语,yu4
诚,cheng2
诫,jie4
诬,wu1
误,wu4
诰,gao4
诵,song4
诲,hui4
说,shui4
说,shuo1
说,shuo1
谁,shei2
课,ke4
谇,sui4
诽,fei3
谊,yi4
訚,yin2
訚,yin2
调,diao4
调,tiao2
谄,chan3
谆,zhun1
谈,tan2
谈,tan2
诿,wei3
请,qing3
诤,zheng4
诹,zou1
愆,qian1
诼,zhuo2
谅,liang4
论,lun2
论,lun4
谂,shen3
话,hua4
谀,yu2
谍,die2
谝,pian3
喧,xuan1
谥,shi4
诨,hun4
谔,e4
谛,di4
谐,xie2
谏,jian4
谏,jian4
谕,yu4
谘,zi1
讳,hui4
谙,an1
谌,chen2
谌,chen2
讽,feng3
诸,zhu1
诸,zhu1
谚,yan4
谖,xuan1
诺,nuo4
谋,mou2
谒,ye4
谓,wei4
谓,wei4
誊,teng2
诌,zhou1
謇,jian3
谎,huang3
歌,ge1
谜,mei4
谜,mi2
谧,mi4
谑,xue4
谡,su4
谤,bang4
谦,qian1
谥,shi4
谥,yi4
讲,jiang3
谢,xie4
谢,xie4
谣,yao2
謦,qi4
谟,mo2
谟,mo2
谪,zhe2
谬,miu4
谫,jian3
讴,ou1
谨,jin3
谩,man2
谩,man4
哗,hua2
嘻,xi1
证,zheng4
讹,e2
谲,jue2
讥,ji1
撰,zhuan4
谮,zen4
识,shi2
识,zhi4
谯,qiao2
谯,qiao2
谯,qiao4
谭,tan2
谭,tan2
谱,pu3
噪,zao4
警,jing3
谵,zhan1
譬,pi4
毁,hui3
译,yi4
议,yi4
谴,qian3
护,hu4
誉,yu4
读,dou4
读,du2
谪,zhe2
赞,zan4
变,bian4
仇,chou2
雠,chou2
仇,chou2
谗,chan2
让,rang4
谰,lan2
谶,chen4
欢,huan1
赞,zan4
谠,dang3
谳,yan4
讬,tuo1
谷,gu3
谷,gu3
溪,xi1
豁,hua2
豁,huo1
豁,huo4
豆,dou4
豇,jiang1
岂,kai3
岂,qi3
豉,chi3
豊,feng1
豊,li3
豌,wan1
竖,shu4
丰,feng1
丰,feng1
艳,yan4
艳,yan4
豕,shi3
豖,chu4
豚,tun2
象,xiang4
豢,huan4
豦,qu2
豪,hao2
豫,yu4
豫,yu4
猪,zhu1
豱,wen1
豳,bin1
豸,zhi4
豹,bao4
豺,chai2
豻,an4
豻,han4
貂,diao1
貅,xiu1
貉,he2
貉,mo4
貊,mo4
貌,mao4
狸,li2
猊,ni2
猫,mao1
猫,mao2
貔,pi2
貘,mo4
獾,huan1
贝,bei4
贝,bei4
贞,zhen1
负,fu4
财,cai2
贡,gong4
贡,gong4
贫,pin2
货,huo4
贩,fan4
贪,tan1
贯,guan4
责,ze2
贮,zhu4
贳,shi4
赀,zi1
贰,er4
贵,gui4
贬,bian3
买,mai3
贷,dai4
贶,kuang4
费,fei4
费,fei4
贴,tie1
贻,yi2
贸,mao4
贺,he4
贺,he4
贲,ben1
贲,ben1
贲,bi4
赂,lu4
赁,lin4
贿,hui4
赅,gai1
赅,gai1
资,zi1
贾,jia3
贾,gu3
恤,xu4
贼,zei2
賏,ying4
赈,zhen4
赊,she1
宾,bin1
赇,qiu2
赒,zhou1
赉,lai4
赞,zan4
赐,ci4
赏,shang3
赔,pei2
赓,geng1
贤,xian2
卖,mai4
贱,jian4
赋,fu4
赕,dan3
质,zhi4
赍,ji1
账,zhang4
赌,du3
赖,lai4
赖,lai4
赍,ji1
赚,zhuan4
赚,zuan4
赙,fu4
购,gou4
赛,sai4
赜,ze2
贽,zhi4
赘,zhui4
赠,zeng4
赞,zan4
赝,yan4
赡,shan4
赢,ying2
赆,jin4
赣,gan4
赃,zang1
赑,bi4
赎,shu2
赝,yan4
赣,gan4
赃,zang1
赤,chi4
赦,she4
赧,nan3
赫,he4
赫,he4
赭,zhe3
走,zou3
赳,jiu1
赴,fu4
起,qi3
赸,shan4
趁,chen4
趁,chen4
趄,ju1
趄,qie4
超,chao1
越,yue4
越,yue4
趑,zi1
趔,lie4
赶,gan3
赵,zhao4
赵,zhao4
趟,tang1
趟,tang4
趣,qu4
趦,zi1
趋,qu1
趯,ti4
趯,yue4
趱,zan3
足,ju4
足,zu2
趴,pa1
趵,bao4
趺,fu1
趼,jian3
趾,zhi3
趿,ta1
跂,ji1
跂,qi2
跂,qi3
跂,qi4
跂,zhi1
跆,tai2
跋,ba2
跌,die1
跎,tuo2
跏,jia1
跑,pao2
跑,pao3
跖,zhi2
跗,fu1
跚,shan1
跛,bo3
距,ju4
跟,gen1
迹,ji4
跣,xian3
跤,jiao1
跺,duo4
跨,kua4
跪,gui4
跫,qiong2
跬,kui3
路,lu4
路,lu4
跳,tiao4
踩,cai3
跺,duo4
局,ju2
跽,ji4
胫,jing4
踅,chi4
踅,xue2
踉,liang2
踉,liang4
踊,yong3
踏,ta1
踏,ta4
践,jian4
踔,chuo1
踘,ju1
踝,huai2
踞,ju4
踟,chi2
踢,ti1
踣,bo2
踥,qie4
踩,cai3
踪,zong1
碰,peng4
踮,dian3
逾,yu2
踱,duo2
踊,yong3
踵,zhong3
踶,di4
踹,chuai4
踺,jian4
踽,ju3
蹀,die2
蹁,pian2
蹂,rou2
蹄,ti2
蹇,jian3
蹇,jian3
蹈,dao3
蹉,cuo1
蹊,qi1
蹊,xi1
蹋,ta4
跄,qiang1
跄,qiang4
蹄,ti2
暂,zan4
跸,bi4
蹙,cu4
蹚,tang1
迹,ji4
跖,zhi2
蹡,qiang1
蹒,pan2
踪,zong1
蹦,beng4
蹧,zao1
蹩,bie2
蹬,deng1
蹬,deng4
蹭,ceng4
蹯,fan2
蹲,dun1
蹴,cu4
蹴,cu4
蹶,jue2
蹶,jue3
跷,qiao1
跷,qiao1
蹼,pu3
躁,zao4
跶,da1
躅,zhu2
躇,chu2
趸,dun3
踌,chou2
跻,ji1
跃,yue4
躐,lie4
踯,zhi2
跞,li4
踬,zhi4
躔,chan2
蹰,chu2
跹,xian1
躞,xie4
蹑,nie4
蹿,cuan1
躜,zuan1
躏,lin4
身,shen1
躬,gong1
耽,dan1
躲,duo3
躬,gong1
裸,luo3
躺,tang3
躯,qu1
軃,duo3
车,che1
车,che1
车,ju1
轧,ya4
轧,ga2
轧,ya4
轧,zha2
轨,gui3
军,jun1
轩,xuan1
轩,xuan1
轫,ren4
轭,e4
软,ruan3
轷,hu1
轸,zhen3
轱,gu1
轴,zhou2
轴,zhou4
轵,zhi3
轺,yao2
轲,ke1
轲,ke3
轶,yi4
轼,shi4
輂,ju2
较,jiao4
辂,lu4
辁,quan2
载,zai3
载,zai4
轾,zhi4
辄,zhe2
挽,wan3
辅,fu3
轻,qing1
辄,zhe2
辆,liang4
辎,zi1
辉,hui1
辋,wang3
辍,chuo4
辊,gun3
辇,nian3
辈,bei4
轮,lun2
辌,liang2
软,ruan3
辑,ji2
辏,cou4
输,shu1
辐,fu2
辗,zhan3
舆,yu2
辒,wen1
毂,gu1
毂,gu3
辖,xia2
辕,yuan2
辘,lu4
转,zhuai3
转,zhuan3
转,zhuan4
辙,zhe2
轿,jiao4
辚,lin2
轗,kan3
轘,huan4
轰,hong1
辔,pei4
轹,li4
轳,lu2
辛,xin1
辛,xin1
辜,gu1
辜,gu1
辟,bi4
辟,pi4
罪,zui4
辣,la4
辣,la4
辞,ci2
办,ban4
辨,bian4
辞,ci2
辫,bian4
辩,bian4
辰,chen2
辱,ru3
农,nong2
农,nong2
农,nong2
辵,chuo4
辶,chuo4
迂,yu1
迄,qi4
迅,xun4
迎,ying2
近,jin4
迓,ya4
返,fan3
迕,wu3
迢,tiao2
迤,yi2
迤,yi3
迥,jiong3
迦,jia1
迨,dai4
迪,di2
迫,pai3
迫,po4
迭,die2
迮,ze2
述,shu4
回,hui2
迶,you4
迷,mi2
迸,beng4
迹,ji4
追,dui1
追,zhui1
退,tui4
送,song4
适,kuo4
逃,tao2
逄,pang2
逅,hou4
逆,ni4
迥,jiong3
逋,bu1
逍,xiao1
透,tou4
逐,zhu2
逑,qiu2
途,tu2
迳,jing4
逖,ti4
逗,dou4
这,zhe4
通,tong1
通,tong4
逛,guang4
逝,shi4
逞,cheng3
速,su4
造,zao4
逡,qun1
逢,feng2
连,lian2
连,lian2
回,hui2
奔,ben1
逭,huan4
逮,dai3
逮,dai4
逯,lu4
逯,lu4
周,zhou1
进,jin4
逵,kui2
逶,wei1
逸,yi4
逼,bi1
逾,yu2
遁,dun4
遂,sui2
遂,sui4
遄,chuan2
遇,yu4
遇,yu4
侦,zhen1
游,you2
运,yun4
遍,bian4
过,guo1
过,guo4
过,guo
遏,e4
遐,xia2
遑,huang2
遒,qiu2
道,dao4
达,da2
达,da2
违,wei2
遘,gou4
遥,yao2
遛,liu4
逊,xun4
递,di4
远,yuan3
远,yuan4
溯,su4
遢,ta1
遣,qian3
遨,ao2
适,shi4
适,shi4
遭,zao1
遮,zhe1
遁,dun4
迟,chi2
迟,chi2
遴,lin2
遴,lin2
遵,zun1
绕,rao4
迁,qian1
选,xuan3
遗,yi2
辽,liao2
辽,liao2
遽,ju4
避,bi4
邀,yao1
迈,mai4
邂,xie4
邃,sui4
还,huan2
还,hai2
还,huan2
迩,er3
邈,miao3
边,bian1
边,bian
邋,la1
逻,luo2
逦,li3
邑,yi4
邕,yong1
邕,yong1
邗,han2
邘,yu2
邘,yu2
邙,mang2
邛,qiong2
邠,bin1
邠,bin1
邡,fang1
邢,xing2
那,na1
那,nuo2
那,na3
那,na4
那,nuo2
邦,bang1
村,cun1
邨,cun1
邪,xie2
邯,han2
邰,tai2
邱,qiu1
邱,qiu1
邳,pi1
邳,pi1
邴,bing3
邴,bing3
邵,shao4
邶,bei4
邸,di3
邸,di3
邾,zhu1
邾,zhu1
郁,yu4
郁,yu4
郄,qie4
郄,xi4
郅,zhi4
郅,zhi4
郇,xun2
郊,jiao1
郊,jiao1
郎,lang2
郎,lang2
郗,chi1
郛,fu2
郜,gao4
郝,hao3
郏,jia2
郡,jun4
郢,ying3
郤,xi4
郤,xi4
部,bu4
郫,pi2
郭,guo1
郭,guo1
郯,tan2
郴,chen1
邮,you2
都,du1
都,dou1
都,du1
郾,yan3
鄂,e4
鄄,juan4
郓,yun4
乡,xiang1
鄋,sou1
邹,zou1
邬,wu1
郧,yun2
鄙,bi3
鄞,yin2
鄢,yan1
鄣,zhang1
鄦,xu3
鄦,xu3
邓,deng4
郑,zheng4
郑,zheng4
鄯,shan4
邻,lin2
鄱,po2
郸,dan1
邺,ye4
郐,kuai4
鄹,zou1
邝,kuang4
酃,ling2
酆,feng1
郦,li4
酉,you3
酊,ding1
酊,ding3
酋,qiu2
酌,zhuo2
配,pei4
酎,zhou4
酏,yi2
酐,gan1
酒,jiu3
酕,mao2
酖,dan1
酖,zhen4
酗,xu4
酚,fen1
酞,tai4
酡,tuo2
酢,cu4
酢,zuo4
酣,han1
酤,gu1
酥,su1
酬,chou2
酩,ming3
酪,lao4
酬,chou2
酮,tong2
酯,zhi3
酰,xian1
酲,cheng2
酴,tu2
酵,jiao4
酶,mei2
酷,ku4
酸,suan1
酹,lei4
腌,yan1
醄,tao2
醅,pei1
醇,chun2
醉,zui4
醋,cu4
醌,kun1
醍,ti2
醐,hu2
醑,xu3
醒,xing3
醇,chun2
醚,mi2
醛,quan2
丑,chou3
酝,yun4
醢,hai3
醣,tang2
醪,lao2
医,yi1
酱,jiang4
醭,bu2
醮,jiao4
醯,xi1
酦,fa1
酦,po1
醴,li3
醵,ju4
醺,xun1
酬,chou2
宴,yan4
酿,niang4
衅,xin4
酾,shi1
酽,yan4
釆,bian4
采,cai3
采,cai4
釉,you4
释,shi4
里,li3
里,li3
重,chong2
重,zhong4
野,ye3
量,liang2
量,liang4
厘,li2
厘,li2
金,jin1
金,jin1
钆,ga2
钇,yi3
钌,liao3
钌,liao4
钊,zhao1
钉,ding1
钉,ding4
钋,po1
釜,fu3
针,zhen1
钓,diao4
钐,shan1
钐,shan4
扣,kou4
钏,chuan4
钏,chuan4
钒,fan2
焊,han4
钗,chai1
钍,tu3
钕,nv3
钎,qian1
钯,ba3
钯,pa2
钫,fang1
钭,tou3
钭,tou3
鈆,yan2
铅,qian1
钚,bu4
钠,na4
钝,dun4
钩,gou1
钤,qian2
钣,ban3
钞,chao1
钮,niu3
钮,niu3
钧,jun1
钙,gai4
钬,huo3
钛,tai4
钪,kang4
鈬,duo2
鈬,duo2
铌,ni2
铈,shi4
钶,ke1
铃,ling2
钴,gu3
钹,bo2
铍,pi2
钰,yu4
钸,bu1
钸,bu4
铀,you2
钿,dian4
钿,tian2
钾,jia3
鉄,tie3
鉄,zhi4
钜,ju4
铊,ta1
铉,xuan4
铋,bi4
铂,bo2
钷,po3
钳,qian2
铆,mao3
铅,qian1
钺,yue4
钵,bo1
钩,gou1
钲,zheng1
钼,mu4
钽,tan3
铰,jiao3
铒,er3
铬,ge4
鉾,mou2
铪,ha1
银,yin2
铳,chong4
铜,tong2
銎,qiong1
铣,xi3
铣,xian3
铨,quan2
铢,zhu1
铭,ming2
铫,yao2
铫,diao4
铫,yao2
衔,xian2
铑,lao3
铷,ru2
铱,yi1
铟,yin1
铵,an3
铥,diu1
铕,you3
铯,se4
铐,kao4
铞,diao4
焊,han4
锐,rui4
销,xiao1
锈,xiu4
锑,ti1
锉,cuo4
汞,gong3
銾,hong4
铝,lv3
锒,lang2
锌,xin1
钡,bei4
鋈,wu4
铤,ding4
铤,ting3
铗,jia2
锋,feng1
锊,lve4
锓,qin2
铘,ye2
锄,chu2
锃,zeng4
锔,ju1
锔,ju2
锇,e2
铓,mang2
铺,pu1
铺,pu4
铖,cheng2
锆,gao4
锂,li3
铽,te4
锯,ju1
锯,ju4
鉴,jian4
钢,gang1
锞,ke4
录,lu4
录,lu4
锖,qiang1
锫,pei2
锩,juan4
锥,zhui1
锕,a1
锟,kun1
锤,chui2
锱,zi1
铮,zheng1
锛,ben1
锬,tan2
锭,ding4
钱,qian2
钱,qian2
锦,jin3
锚,mao2
锡,xi1
锢,gu4
错,cuo4
错,cuo4
録,lu4
锰,meng3
表,biao3
铼,lai2
锝,de2
锨,xian1
锪,huo1
钔,men2
锴,kai3
炼,lian4
锅,guo1
镀,du4
锷,e4
铡,zha2
锻,duan4
锸,cha1
锲,qie4
锘,nuo4
鍪,mou2
锹,qiao1
锹,qiao1
锾,huan2
鉴,jian4
键,jian4
锶,si1
锗,zhe3
针,zhen1
钟,zhong1
钟,zhong1
镁,mei3
锿,ai1
镅,mei2
镑,bang4
镰,lian2
鎏,liu2
镕,rong2
锁,suo3
枪,qiang1
镉,ge2
锤,chui2
镈,bo2
钨,wu1
蓥,ying2
镏,liu2
铠,kai3
铩,sha1
锼,sou1
镐,gao3
镐,hao4
镇,zhen4
镒,yi4
镍,nie4
镓,jia1
锁,suo3
镎,na2
镞,zu2
镟,xuan4
链,lian4
鏊,ao4
镆,mo4
镝,di1
镝,di2
鏖,ao2
铿,keng1
锵,qiang1
镗,tang1
镘,man4
镛,yong1
铲,chan3
镜,jing4
镖,biao1
镂,lou4
錾,zan4
镚,beng4
铧,hua2
镤,pu2
镪,qiang1
镪,qiang3
锈,xiu4
铙,nao2
镣,liao4
铹,lao2
镦,dun1
镡,tan2
镡,xin2
钟,zhong1
镫,deng4
镢,jue2
镨,pu3
锎,kai1
锏,jian3
镄,fei4
镌,juan1
镰,lian2
镯,zhuo2
镭,lei2
铁,tie3
铁,tie3
铎,duo2
铎,duo2
铛,cheng1
铛,dang1
鐾,bei4
镱,yi4
铸,zhu4
镬,huo4
镔,bin1
鉴,jian4
鉴,jian4
镲,cha3
钻,zuan4
矿,kuang4
镴,la4
铄,shuo4
鑢,lv4
鑢,lv4
镳,biao1
刨,bao4
镥,lu3
炉,lu2
鑫,xin1
镧,lan2
钥,yue4
镶,xiang1
罐,guan4
镊,nie4
镩,cuan1
锣,luo2
钻,zuan1
钻,zuan4
銮,luan2
凿,zao2
锺,zhong1
长,chang2
长,zhang3
镸,chang2
门,men2
门,men2
闩,shuan1
闪,shan3
闪,shan3
闫,yan2
闭,bi4
开,kai1
闶,kang1
闳,hong2
闳,hong2
闰,run4
闲,xian2
閒,jian1
閒,jian4
闲,xian2
间,jian1
间,jian4
闵,min3
闵,min3
闸,zha2
闹,nao4
阂,he2
阁,ge2
合,he2
阀,fa2
閦,chu4
哄,hong4
闺,gui1
闽,min3
阃,kun3
阆,lang2
阆,lang4
闾,lv2
阅,yue4
阊,chang1
阉,yan1
阎,yan2
阎,yan2
阏,e4
阏,yan1
阍,hun1
阈,yu4
阌,wen2
阒,qu4
板,ban3
板,pan4
暗,an4
闱,wei2
阔,kuo4
阕,que4
阑,lan2
阇,du1
阇,she2
阗,tian2
阖,he2
阙,que1
阙,que1
阙,que4
闯,chuang3
窥,kui1
关,guan1
关,guan1
阚,kan4
阚,kan4
阐,chan3
辟,pi4
闼,ta4
阜,fu4
阞,le4
阡,qian1
阢,wu4
阪,ban3
坑,keng1
阮,ruan3
阮,ruan3
址,zhi3
阱,jing3
防,fang2
阻,zu3
阼,zuo4
阽,dian4
阿,a1
阿,a1
阿,e1
陀,tuo2
陂,bei1
陂,po1
附,fu4
陋,lou4
陌,mo4
降,jiang4
降,xiang2
陏,sui2
限,xian4
陔,gai1
峭,qiao4
陉,xing2
陛,bi4
陜,xia2
陕,shan3
升,sheng1
陟,zhi4
陡,dou3
院,yuan4
阵,zhen4
除,chu2
陪,pei2
陬,zou1
阴,yin1
阴,yin1
陲,chui2
陈,chen2
陈,chen2
陴,pi2
陵,ling2
陶,tao2
陶,tao2
陷,xian4
陆,lu4
陆,liu4
陆,lu4
堙,yin1
阳,yang2
狭,xia2
阴,yin1
堤,di1
隅,yu2
隆,long2
隆,long1
隆,long2
隈,wei1
陧,nie4
队,dui4
隋,sui2
隍,huang2
阶,jie1
隔,ge2
陨,yun3
坞,wu4
隗,kui2
隗,wei3
隗,wei3
隘,ai4
隙,xi4
际,ji4
障,zhang4
邻,lin2
隧,sui4
随,sui2
随,sui2
险,xian3
隰,xi2
隰,xi2
隐,yin3
隐,yin4
隳,hui1
陇,long3
隶,li4
隶,li4
隹,zhui1
只,zhi1
隼,sun3
雀,qiao1
雀,que4
雁,yan4
雄,xiong2
雅,ya3
集,ji2
雇,gu4
雈,huan2
雉,zhi4
隽,juan4
隽,juan4
隽,jun4
雌,ci2
雍,yong1
雍,yong1
雎,ju1
雒,luo4
雕,diao1
虽,sui1
双,shuang1
双,shuang1
雚,guan4
雚,huan2
雏,chu2
杂,za2
雍,yong1
鸡,ji1
离,li2
离,li2
难,nan2
难,nan4
雨,yu3
雨,yu4
雩,yu2
雪,xue3
雪,xue3
雯,wen2
云,yun2
云,yun2
零,ling2
雷,lei2
雷,lei2
雹,bao2
电,dian4
需,xu1
霂,mu4
霄,xiao1
霅,zha2
霅,zha2
霆,ting2
震,zhen4
霈,pei4
霉,mei2
霍,huo4
霍,huo4
霎,sha4
霏,fei1
沾,zhan1
霓,ni2
霖,lin2
霜,shuang1
霝,ling2
霞,xia2
霡,mai4
霢,mai4
雾,wu4
霪,yin2
霰,xian4
露,lu4
露,lou4
露,lu4
霸,ba4
霹,pi1
霁,ji4
霾,mai2
雳,li4
霭,ai3
灵,ling2
靑,qing1
青,qing1
青,qing1
靖,jing4
靖,jing4
靓,jing4
靓,liang4
靛,dian4
静,jing4
非,fei1
非,fei1
靠,kao4
靡,mi2
靡,mi3
面,mian4
腼,mian3
靥,ye4
革,ge2
韧,ren4
韧,ren4
靳,jin4
靳,jin4
靴,xue1
靶,ba3
靼,da2
鼗,tao2
鞅,yang1
鞅,yang4
鞋,xie2
鞍,an1
鞍,an1
巩,gong3
巩,gong3
鞘,qiao4
鞠,ju1
鞠,ju1
鞣,rou2
秋,qiu1
鞫,ju1
鞭,bian1
鞮,di1
鞮,di1
鞲,gou1
鞴,bei4
鞋,xie2
鞒,qiao2
靴,xue1
缰,jiang1
鞑,da2
千,qian1
袜,wa4
鞯,jian1
韦,wei2
韦,wei2
韧,ren4
韩,han2
韪,wei3
韬,tao1
韫,yun4
袜,wa4
韭,jiu3
韭,jiu3
韱,xian1
音,yin1
韶,shao2
韶,shao2
韵,yun4
响,xiang3
页,xie2
页,ye4
顶,ding3
顷,qing1
顷,qing3
项,xiang4
项,xiang4
顺,shun4
顸,han1
须,xu1
顼,xu1
顼,xu1
颂,song4
颀,qi2
颃,hang2
预,yu4
顽,wan2
颁,ban1
顿,dun4
颇,po1
颇,po1
领,ling3
颌,he2
额,e2
颉,xie2
颉,jie2
颉,xie2
颐,yi2
颏,ke1
颏,ke2
头,tou2
头,tou
颊,jia2
颔,han4
颈,geng3
颈,jing3
颓,tui2
频,pin2
赖,lai4
颓,tui2
颗,ke1
悴,cui4
腮,sai1
题,ti2
题,ti2
额,e2
颚,e4
颜,yan2
颜,yan2
颛,zhuan1
颛,zhuan1
颜,yan2
愿,yuan4
颡,sang3
颠,dian1
类,lei4
颟,man1
颢,hao4
憔,qiao2
顾,gu4
顾,gu4
颤,chan4
颥,ru2
显,xian3
颦,pin2
颅,lu2
颞,nie4
颧,quan2
风,feng1
飐,zhan3
飑,biao1
飒,sa4
台,tai2
刮,gua1
飓,ju4
飖,yao2
飕,sou1
帆,fan1
飘,piao1
飘,piao1
飙,biao1
飚,biao1
飞,fei1
翻,fan1
食,shi2
食,si4
饣,shi2
饥,ji1
饲,si4
飧,sun1
饨,tun2
饪,ren4
饫,yu4
飬,juan4
飬,yang3
饬,chi4
饭,fan4
飧,sun1
饮,yin3
饮,yin4
饴,yi2
饲,si4
饱,bao3
饰,shi4
饪,ren4
饺,jiao3
饸,he2
饼,bing3
饷,xiang3
养,yang3
饵,er3
饹,ge1
饹,le
餐,can1
饽,bo1
馁,nei3
饿,e4
哺,bu1
馂,jun4
余,yu2
馀,yu2
馀,yu2
肴,yao2
馄,hun2
饯,jian4
馅,xian4
喂,wei4
馆,guan3
糊,hu2
餮,tie4
糇,hou2
饧,xing2
喂,wei4
馇,cha1
馇,zha
糖,tang2
糕,gao1
饩,xi4
馈,kui4
馏,liu2
馏,liu4
馊,sou1
馍,mo2
馒,man2
馐,xiu1
馑,jin3
馓,san3
馈,kui4
馔,zhuan4
膳,shan4
饥,ji1
饶,rao2
饶,rao2
饔,yong1
饕,tao1
飨,xiang3
餍,yan4
馍,mo2
馋,chan2
饷,xiang3
馕,nang2
馕,nang3
首,shou3
馗,kui2
馘,guo2
香,xiang1
馥,fu4
馨,xin1
马,ma3
马,ma3
驭,yu4
冯,feng2
冯,ping2
驮,duo4
驮,tuo2
驰,chi2
驯,xun4
驴,lv2
驳,bo2
驱,qu1
驻,zhu4
驽,nu2
驹,ju1
驵,zang3
驾,jia4
驾,jia4
骀,tai2
驸,fu4
驶,shi3
驼,tuo2
驼,tuo2
驷,si4
骂,ma4
骈,pian2
骈,pian2
骇,hai4
驳,bo2
骆,luo4
骆,luo4
骏,jun4
骋,cheng3
骓,zhui1
骓,zhui1
骒,ke4
骑,ji4
骑,qi2
骐,qi2
验,yan4
骛,wu4
骗,pian4
鬃,zong1
骞,qian1
骘,zhi4
骝,liu2
腾,teng2
驺,zou1
驺,zou1
骚,sao1
骟,shan4
骡,luo2
蓦,mo4
骜,ao4
骖,can1
骠,piao4
骢,cong1
驱,qu1
骅,hua2
骕,su4
骁,xiao1
骣,chan3
骄,jiao1
验,yan4
骡,luo2
惊,jing1
驿,yi4
骤,zhou4
驴,lv2
骧,xiang1
骥,ji4
骦,shuang1
欢,huan1
骊,li2
骨,gu3
肮,ang1
骰,tou2
骱,xie4
骶,di3
骷,ku1
骸,hai2
骺,hou2
骼,ge2
腿,tui3
鲠,geng3
髀,bi4
髁,ke1
髂,qia4
膀,bang3
髅,lou2
髑,du2
脏,zang1
髓,sui3
体,ti3
髌,bin4
髋,kuan1
高,gao1
高,gao1
髟,biao1
髡,kun1
髯,ran2
髦,mao2
髫,tiao2
髭,zi1
发,fa4
髯,ran2
佛,fu2
髹,xiu1
髻,ji4
剃,ti4
鬃,zong1
鬄,di2
鬄,ti4
松,song1
鬈,quan2
鬃,zong1
胡,hu2
鬏,jiu1
鬒,zhen3
须,xu1
鬟,huan2
鬓,bin4
鬣,lie4
斗,dou4
斗,dou4
闹,nao4
哄,hong4
阋,xi4
斗,dou4
斗,dou4
阄,jiu1
鬯,chang4
郁,yu4
郁,yu4
郁,yu4
鬲,ge2
鬲,ge2
鬲,li4
鬻,yu4
鬼,gui3
魁,kui2
魂,hun2
魃,ba2
魄,po4
魅,mei4
魆,xu1
魈,xiao1
魍,wang3
魉,liang3
魏,wei4
魏,wei4
魑,chi1
魔,mo2
魖,xu1
魇,yan3
鱼,yu2
鱼,yu2
魠,tuo1
鲁,lu3
鲁,lu3
鲂,fang2
鱿,you2
鲅,ba4
鲆,ping2
鲧,gun3
鲇,nian2
鲐,tai2
鲍,bao4
鲍,bao4
鲋,fu4
鲒,jie2
鲕,er2
鮨,qi2
鲔,wei3
鲛,jiao1
鲑,gui1
鲜,xian1
鲜,xian3
鲧,gun3
鲠,geng3
鲩,huan4
鲤,li3
鲨,sha1
鲻,zi1
鲯,qi2
鲭,qing1
鲭,zheng1
鲞,xiang3
鲷,diao1
鲴,gu4
鲱,fei1
鲵,ni2
鲲,kun1
鲳,chang1
鲸,jing1
鲮,ling2
鲰,zou1
鲰,zou1
鲶,nian2
鳀,ti2
鲫,ji4
鳊,bian1
鲗,zei2
鲽,die2
鳇,huang2
鳅,qiu1
鳄,e4
鳆,fu4
鳃,sai1
鳑,pang2
鲥,shi2
鳏,guan1
鳎,ta3
鳐,yao2
鳍,qi2
鲢,lian2
鳌,ao2
鳓,le4
鳘,min3
鲦,tiao2
鲣,jian1
鳗,man2
鳔,biao4
鱄,zhuan1
鱄,zhuan1
鳙,yong1
鳕,xue3
鳖,bie1
鳟,zun1
鳝,shan4
鳝,shan4
鳜,gui4
鳞,lin2
鲟,xun2
鲼,fen4
鲎,hou4
鲙,kuai4
鳣,shan4
鳣,zhan1
鱥,gui4
鳢,li3
鲚,ji4
鳄,e4
鲈,lu2
鲡,li2
鲜,xian1
鲜,xian3
鸟,diao3
鸟,niao3
凫,fu2
鸠,jiu1
凫,fu2
凤,feng4
凤,feng4
鸣,ming2
鸢,yuan1
鴂,jue2
鸩,zhen4
鸨,bao3
雁,yan4
鸦,ya1
鸰,ling2
鴔,fu2
鸵,tuo2
鸳,yuan1
鸲,qu2
鸮,xiao1
鸱,chi1
鸪,gu1
鸯,yang1
鸭,ya1
鸸,er2
鸹,gua1
鸻,heng2
鸿,hong2
鸽,ge1
鸺,xiu1
鹃,juan1
鹆,yu4
鹁,bo2
鹈,ti2
鹅,e2
鹅,e2
鹄,gu3
鹄,hu2
鹉,wu3
鹌,an1
鹏,peng2
鹎,bei1
雕,diao1
鹊,que4
鸦,ya1
鹍,kun1
鸫,dong1
鹑,chun2
鹒,geng1
鹋,miao2
鹙,qiu1
鹕,hu2
鹗,e4
鹛,mei2
鹜,wu4
鸧,cang1
莺,ying1
鹤,he4
鹠,liu2
鹡,ji2
鹘,hu2
鹣,jian1
鹚,ci2
鹚,ci2
鹞,yao4
鷄,ji1
鹧,zhe4
鸥,ou1
鸷,zhi4
鹨,liu4
鸶,si1
鹪,jiao1
鹔,su4
鹩,liao2
燕,yan4
鹫,jiu4
鹇,xian2
鹇,xian2
鹬,yu4
鹰,ying1
鹭,lu4
鹱,hu4
莺,ying1
鸬,lu2
鹴,shuang1
鹦,ying1
鹳,guan4
鹂,li2
鸾,luan2
卤,lu3
咸,xian2
鹾,cuo2
碱,jian3
碱,jian3
盐,yan2
鹿,lu4
麂,ji3
麃,biao1
麃,pao2
麇,jun1
麇,qun2
麈,zhu3
麋,mi2
麋,mi2
麟,lin2
麒,qi2
麓,lu4
丽,li2
丽,li4
麝,she4
獐,zhang1
麟,lin2
粗,cu1
麦,mai4
麦,mai4
麸,fu1
面,mian4
曲,qu1
麯,qu1
曲,qu1
麴,qu1
面,mian4
麻,ma2
麻,ma2
么,ma2
么,ma
么,me
麽,mo2
么,me
麾,hui1
麿,mo3
黄,huang2
黄,huang2
黉,hong2
黍,shu3
黎,li2
黎,li2
黏,nian2
黑,hei1
黑,hei1
黔,qian2
默,mo4
黛,dai4
黜,chu4
黝,you3
点,dian3
黟,yi1
黠,xia2
黢,qu1
黥,qing2
黥,qing2
黧,li2
党,dang3
党,dang3
黯,an4
黪,can3
霉,mei2
黩,du2
黹,zhi3
黻,fu2
黼,fu3
黾,meng3
黾,min3
鼋,yuan2
鼂,chao2
鼂,chao2
蛙,wa1
鳌,ao2
鳖,bie1
鼍,tuo2
鼎,ding3
鼐,nai4
鼓,gu3
冬,dong1
冬,dong1
鼗,tao2
鼙,pi2
鼠,shu3
鼢,fen2
鼩,qu2
鼬,you4
鼯,wu2
鼱,jing1
鼹,yan3
鼷,xi1
鼻,bi2
鼽,qiu2
鼾,han1
齐,qi2
齐,qi2
斋,zhai1
齌,ji4
赍,ji1
齑,ji1
齿,chi3
龀,chen4
龅,bao1
龇,zi1
龃,ju3
龆,tiao2
龄,ling2
出,chu1
龈,ken3
龈,yin2
齧,nie4
齧,nie4
咬,yao3
龊,chuo4
龉,yu3
齱,zou1
龋,qu3
齵,yu2
腭,e4
龌,wo4
龙,long2
龙,long2
庞,pang2
庞,pang2
龚,gong1
龛,kan1
龟,gui1
龟,jun1
龟,qiu1
龠,yue4
和,he2
龥,yu4